2025-03-30 21:39:17,308 - django.utils.autoreload - INFO - D:\CS2340\MovieChatBot\chatbot\views.py changed, reloading.
2025-03-30 21:40:48,175 - django.utils.autoreload - INFO - D:\CS2340\MovieChatBot\chatbot\views.py changed, reloading.
2025-03-30 21:41:23,982 - django.utils.autoreload - INFO - D:\CS2340\MovieChatBot\chatbot\urls.py changed, reloading.
2025-03-30 21:41:58,967 - chatbot - DEBUG - Received request to chat_message view
2025-03-30 21:41:58,967 - chatbot - DEBUG - Request headers: {'Content-Length': '43', 'Content-Type': 'application/json', 'Host': '127.0.0.1:8000', 'Connection': 'keep-alive', 'Sec-Ch-Ua-Platform': '"Windows"', 'X-Requested-With': 'XMLHttpRequest', 'User-Agent': 'Mozilla/5.0 (Windows NT 10.0; Win64; x64) AppleWebKit/537.36 (KHTML, like Gecko) Chrome/134.0.0.0 Safari/537.36 Edg/134.0.0.0', 'Sec-Ch-Ua': '"Chromium";v="134", "Not:A-Brand";v="24", "Microsoft Edge";v="134"', 'Dnt': '1', 'Sec-Ch-Ua-Mobile': '?0', 'Accept': '*/*', 'Origin': 'http://127.0.0.1:8000', 'Sec-Fetch-Site': 'same-origin', 'Sec-Fetch-Mode': 'cors', 'Sec-Fetch-Dest': 'empty', 'Referer': 'http://127.0.0.1:8000/', 'Accept-Encoding': 'gzip, deflate, br, zstd', 'Accept-Language': 'en-US,en;q=0.9', 'Cookie': 'messages=.eJyLjlaKj88qzs-Lz00tLk5MT1XSMdAxMtVRckxOzi_NK1FILkpNLElNUSguTU4Gqkgrzcmp1FPSUVKK1cGlNTK_tEihILG4uDy_KEUhI7FYISk1NU-hKLU4tYQUcyhwAo20KtJMKz3CDOKEWADAzalq:1tjsEy:PLEg6Nf4jpE7PnBUOnoo6le8pQSRUmG2ZLLEblTwkxQ; csrftoken=7HWryXkE3TH9AaF4iYhrKt8ogsyJr25Z; sessionid=0m37zcneezcg96wqudde5lmmpz41dgmx'}
2025-03-30 21:41:58,968 - chatbot - DEBUG - Request body: {"message":"I'm looking for a good comedy"}
2025-03-30 21:41:58,968 - chatbot - DEBUG - Parsed user message: I'm looking for a good comedy
2025-03-30 21:41:58,980 - chatbot - DEBUG - User message: I'm looking for a good comedy
2025-03-30 21:41:58,980 - chatbot - DEBUG - Detected genres: ['comedy']
2025-03-30 21:41:58,980 - chatbot - DEBUG - Detected intents: ['recommendation', 'genre', 'rating']
2025-03-30 21:41:58,982 - chatbot - DEBUG - Found 0 shows for genres: ['comedy']
2025-03-30 21:41:58,982 - chatbot - DEBUG - Using default shows, found 1
2025-03-30 21:41:58,982 - chatbot - ERROR - Error processing chat message: module 'nltk' has no attribute 'random'
2025-03-30 21:41:58,985 - chatbot - ERROR - Traceback (most recent call last):
  File "D:\CS2340\MovieChatBot\chatbot\views.py", line 71, in chat_message
    response = chatbot.generate_response(user_message, shows)
               ^^^^^^^^^^^^^^^^^^^^^^^^^^^^^^^^^^^^^^^^^^^^^^
  File "D:\CS2340\MovieChatBot\chatbot\utils.py", line 230, in generate_response
    response = nltk.random.choice(self.responses['general'])
               ^^^^^^^^^^^
AttributeError: module 'nltk' has no attribute 'random'

2025-03-30 21:41:58,985 - django.request - ERROR - Internal Server Error: /chat/
2025-03-30 21:42:00,162 - chatbot - DEBUG - Received request to chat_message view
2025-03-30 21:42:00,163 - chatbot - DEBUG - Request headers: {'Content-Length': '37', 'Content-Type': 'application/json', 'Host': '127.0.0.1:8000', 'Connection': 'keep-alive', 'Sec-Ch-Ua-Platform': '"Windows"', 'X-Requested-With': 'XMLHttpRequest', 'User-Agent': 'Mozilla/5.0 (Windows NT 10.0; Win64; x64) AppleWebKit/537.36 (KHTML, like Gecko) Chrome/134.0.0.0 Safari/537.36 Edg/134.0.0.0', 'Sec-Ch-Ua': '"Chromium";v="134", "Not:A-Brand";v="24", "Microsoft Edge";v="134"', 'Dnt': '1', 'Sec-Ch-Ua-Mobile': '?0', 'Accept': '*/*', 'Origin': 'http://127.0.0.1:8000', 'Sec-Fetch-Site': 'same-origin', 'Sec-Fetch-Mode': 'cors', 'Sec-Fetch-Dest': 'empty', 'Referer': 'http://127.0.0.1:8000/', 'Accept-Encoding': 'gzip, deflate, br, zstd', 'Accept-Language': 'en-US,en;q=0.9', 'Cookie': 'messages=.eJyLjlaKj88qzs-Lz00tLk5MT1XSMdAxMtVRckxOzi_NK1FILkpNLElNUSguTU4Gqkgrzcmp1FPSUVKK1cGlNTK_tEihILG4uDy_KEUhI7FYISk1NU-hKLU4tYQUcyhwAo20KtJMKz3CDOKEWADAzalq:1tjsEy:PLEg6Nf4jpE7PnBUOnoo6le8pQSRUmG2ZLLEblTwkxQ; csrftoken=7HWryXkE3TH9AaF4iYhrKt8ogsyJr25Z; sessionid=0m37zcneezcg96wqudde5lmmpz41dgmx'}
2025-03-30 21:42:00,163 - chatbot - DEBUG - Request body: {"message":"Recommend sci-fi movies"}
2025-03-30 21:42:00,163 - chatbot - DEBUG - Parsed user message: Recommend sci-fi movies
2025-03-30 21:42:00,174 - chatbot - DEBUG - User message: Recommend sci-fi movies
2025-03-30 21:42:00,176 - chatbot - DEBUG - Detected genres: ['sci-fi', 'science fiction']
2025-03-30 21:42:00,176 - chatbot - DEBUG - Detected intents: ['recommendation', 'genre']
2025-03-30 21:42:00,176 - chatbot - DEBUG - Found 0 shows for genres: ['sci-fi', 'science fiction']
2025-03-30 21:42:00,177 - chatbot - DEBUG - Using default shows, found 1
2025-03-30 21:42:00,177 - chatbot - ERROR - Error processing chat message: module 'nltk' has no attribute 'random'
2025-03-30 21:42:00,178 - chatbot - ERROR - Traceback (most recent call last):
  File "D:\CS2340\MovieChatBot\chatbot\views.py", line 71, in chat_message
    response = chatbot.generate_response(user_message, shows)
               ^^^^^^^^^^^^^^^^^^^^^^^^^^^^^^^^^^^^^^^^^^^^^^
  File "D:\CS2340\MovieChatBot\chatbot\utils.py", line 230, in generate_response
    response = nltk.random.choice(self.responses['general'])
               ^^^^^^^^^^^
AttributeError: module 'nltk' has no attribute 'random'

2025-03-30 21:42:00,178 - django.request - ERROR - Internal Server Error: /chat/
2025-03-30 21:42:00,738 - chatbot - DEBUG - Received request to chat_message view
2025-03-30 21:42:00,738 - chatbot - DEBUG - Request headers: {'Content-Length': '44', 'Content-Type': 'application/json', 'Host': '127.0.0.1:8000', 'Connection': 'keep-alive', 'Sec-Ch-Ua-Platform': '"Windows"', 'X-Requested-With': 'XMLHttpRequest', 'User-Agent': 'Mozilla/5.0 (Windows NT 10.0; Win64; x64) AppleWebKit/537.36 (KHTML, like Gecko) Chrome/134.0.0.0 Safari/537.36 Edg/134.0.0.0', 'Sec-Ch-Ua': '"Chromium";v="134", "Not:A-Brand";v="24", "Microsoft Edge";v="134"', 'Dnt': '1', 'Sec-Ch-Ua-Mobile': '?0', 'Accept': '*/*', 'Origin': 'http://127.0.0.1:8000', 'Sec-Fetch-Site': 'same-origin', 'Sec-Fetch-Mode': 'cors', 'Sec-Fetch-Dest': 'empty', 'Referer': 'http://127.0.0.1:8000/', 'Accept-Encoding': 'gzip, deflate, br, zstd', 'Accept-Language': 'en-US,en;q=0.9', 'Cookie': 'messages=.eJyLjlaKj88qzs-Lz00tLk5MT1XSMdAxMtVRckxOzi_NK1FILkpNLElNUSguTU4Gqkgrzcmp1FPSUVKK1cGlNTK_tEihILG4uDy_KEUhI7FYISk1NU-hKLU4tYQUcyhwAo20KtJMKz3CDOKEWADAzalq:1tjsEy:PLEg6Nf4jpE7PnBUOnoo6le8pQSRUmG2ZLLEblTwkxQ; csrftoken=7HWryXkE3TH9AaF4iYhrKt8ogsyJr25Z; sessionid=0m37zcneezcg96wqudde5lmmpz41dgmx'}
2025-03-30 21:42:00,738 - chatbot - DEBUG - Request body: {"message":"What are the top rated movies?"}
2025-03-30 21:42:00,738 - chatbot - DEBUG - Parsed user message: What are the top rated movies?
2025-03-30 21:42:00,751 - chatbot - DEBUG - User message: What are the top rated movies?
2025-03-30 21:42:00,751 - chatbot - DEBUG - Detected genres: []
2025-03-30 21:42:00,751 - chatbot - DEBUG - Detected intents: ['recommendation', 'rating', 'question', 'asking_recommendation']
2025-03-30 21:42:00,751 - chatbot - DEBUG - Using default shows, found 1
2025-03-30 21:42:00,751 - chatbot - ERROR - Error processing chat message: module 'nltk' has no attribute 'random'
2025-03-30 21:42:00,753 - chatbot - ERROR - Traceback (most recent call last):
  File "D:\CS2340\MovieChatBot\chatbot\views.py", line 71, in chat_message
    response = chatbot.generate_response(user_message, shows)
               ^^^^^^^^^^^^^^^^^^^^^^^^^^^^^^^^^^^^^^^^^^^^^^
  File "D:\CS2340\MovieChatBot\chatbot\utils.py", line 230, in generate_response
    response = nltk.random.choice(self.responses['general'])
               ^^^^^^^^^^^
AttributeError: module 'nltk' has no attribute 'random'

2025-03-30 21:42:00,753 - django.request - ERROR - Internal Server Error: /chat/
2025-03-30 21:42:02,142 - chatbot - DEBUG - Received request to chat_message view
2025-03-30 21:42:02,142 - chatbot - DEBUG - Request headers: {'Content-Length': '54', 'Content-Type': 'application/json', 'Host': '127.0.0.1:8000', 'Connection': 'keep-alive', 'Sec-Ch-Ua-Platform': '"Windows"', 'X-Requested-With': 'XMLHttpRequest', 'User-Agent': 'Mozilla/5.0 (Windows NT 10.0; Win64; x64) AppleWebKit/537.36 (KHTML, like Gecko) Chrome/134.0.0.0 Safari/537.36 Edg/134.0.0.0', 'Sec-Ch-Ua': '"Chromium";v="134", "Not:A-Brand";v="24", "Microsoft Edge";v="134"', 'Dnt': '1', 'Sec-Ch-Ua-Mobile': '?0', 'Accept': '*/*', 'Origin': 'http://127.0.0.1:8000', 'Sec-Fetch-Site': 'same-origin', 'Sec-Fetch-Mode': 'cors', 'Sec-Fetch-Dest': 'empty', 'Referer': 'http://127.0.0.1:8000/', 'Accept-Encoding': 'gzip, deflate, br, zstd', 'Accept-Language': 'en-US,en;q=0.9', 'Cookie': 'messages=.eJyLjlaKj88qzs-Lz00tLk5MT1XSMdAxMtVRckxOzi_NK1FILkpNLElNUSguTU4Gqkgrzcmp1FPSUVKK1cGlNTK_tEihILG4uDy_KEUhI7FYISk1NU-hKLU4tYQUcyhwAo20KtJMKz3CDOKEWADAzalq:1tjsEy:PLEg6Nf4jpE7PnBUOnoo6le8pQSRUmG2ZLLEblTwkxQ; csrftoken=7HWryXkE3TH9AaF4iYhrKt8ogsyJr25Z; sessionid=0m37zcneezcg96wqudde5lmmpz41dgmx'}
2025-03-30 21:42:02,142 - chatbot - DEBUG - Request body: {"message":"I like action movies with lots of stunts"}
2025-03-30 21:42:02,142 - chatbot - DEBUG - Parsed user message: I like action movies with lots of stunts
2025-03-30 21:42:02,155 - chatbot - DEBUG - User message: I like action movies with lots of stunts
2025-03-30 21:42:02,155 - chatbot - DEBUG - Detected genres: ['action']
2025-03-30 21:42:02,155 - chatbot - DEBUG - Detected intents: ['genre', 'preference', 'actor']
2025-03-30 21:42:02,155 - chatbot - DEBUG - Found 1 shows for genres: ['action']
2025-03-30 21:42:02,155 - chatbot - ERROR - Error processing chat message: module 'nltk' has no attribute 'random'
2025-03-30 21:42:02,158 - chatbot - ERROR - Traceback (most recent call last):
  File "D:\CS2340\MovieChatBot\chatbot\views.py", line 71, in chat_message
    response = chatbot.generate_response(user_message, shows)
               ^^^^^^^^^^^^^^^^^^^^^^^^^^^^^^^^^^^^^^^^^^^^^^
  File "D:\CS2340\MovieChatBot\chatbot\utils.py", line 230, in generate_response
    response = nltk.random.choice(self.responses['general'])
               ^^^^^^^^^^^
AttributeError: module 'nltk' has no attribute 'random'

2025-03-30 21:42:02,158 - django.request - ERROR - Internal Server Error: /chat/
2025-03-30 21:42:02,611 - chatbot - DEBUG - Received request to chat_message view
2025-03-30 21:42:02,611 - chatbot - DEBUG - Request headers: {'Content-Length': '44', 'Content-Type': 'application/json', 'Host': '127.0.0.1:8000', 'Connection': 'keep-alive', 'Sec-Ch-Ua-Platform': '"Windows"', 'X-Requested-With': 'XMLHttpRequest', 'User-Agent': 'Mozilla/5.0 (Windows NT 10.0; Win64; x64) AppleWebKit/537.36 (KHTML, like Gecko) Chrome/134.0.0.0 Safari/537.36 Edg/134.0.0.0', 'Sec-Ch-Ua': '"Chromium";v="134", "Not:A-Brand";v="24", "Microsoft Edge";v="134"', 'Dnt': '1', 'Sec-Ch-Ua-Mobile': '?0', 'Accept': '*/*', 'Origin': 'http://127.0.0.1:8000', 'Sec-Fetch-Site': 'same-origin', 'Sec-Fetch-Mode': 'cors', 'Sec-Fetch-Dest': 'empty', 'Referer': 'http://127.0.0.1:8000/', 'Accept-Encoding': 'gzip, deflate, br, zstd', 'Accept-Language': 'en-US,en;q=0.9', 'Cookie': 'messages=.eJyLjlaKj88qzs-Lz00tLk5MT1XSMdAxMtVRckxOzi_NK1FILkpNLElNUSguTU4Gqkgrzcmp1FPSUVKK1cGlNTK_tEihILG4uDy_KEUhI7FYISk1NU-hKLU4tYQUcyhwAo20KtJMKz3CDOKEWADAzalq:1tjsEy:PLEg6Nf4jpE7PnBUOnoo6le8pQSRUmG2ZLLEblTwkxQ; csrftoken=7HWryXkE3TH9AaF4iYhrKt8ogsyJr25Z; sessionid=0m37zcneezcg96wqudde5lmmpz41dgmx'}
2025-03-30 21:42:02,611 - chatbot - DEBUG - Request body: {"message":"Show me some romantic comedies"}
2025-03-30 21:42:02,611 - chatbot - DEBUG - Parsed user message: Show me some romantic comedies
2025-03-30 21:42:02,623 - chatbot - DEBUG - User message: Show me some romantic comedies
2025-03-30 21:42:02,623 - chatbot - DEBUG - Detected genres: []
2025-03-30 21:42:02,623 - chatbot - DEBUG - Detected intents: ['recommendation']
2025-03-30 21:42:02,625 - chatbot - DEBUG - Using default shows, found 1
2025-03-30 21:42:02,625 - chatbot - ERROR - Error processing chat message: module 'nltk' has no attribute 'random'
2025-03-30 21:42:02,627 - chatbot - ERROR - Traceback (most recent call last):
  File "D:\CS2340\MovieChatBot\chatbot\views.py", line 71, in chat_message
    response = chatbot.generate_response(user_message, shows)
               ^^^^^^^^^^^^^^^^^^^^^^^^^^^^^^^^^^^^^^^^^^^^^^
  File "D:\CS2340\MovieChatBot\chatbot\utils.py", line 230, in generate_response
    response = nltk.random.choice(self.responses['general'])
               ^^^^^^^^^^^
AttributeError: module 'nltk' has no attribute 'random'

2025-03-30 21:42:02,627 - django.request - ERROR - Internal Server Error: /chat/
2025-03-30 21:44:08,560 - chatbot - DEBUG - Received request to chat_message view
2025-03-30 21:44:08,560 - chatbot - DEBUG - Request headers: {'Content-Length': '43', 'Content-Type': 'application/json', 'Host': '127.0.0.1:8000', 'Connection': 'keep-alive', 'Sec-Ch-Ua-Platform': '"Windows"', 'X-Requested-With': 'XMLHttpRequest', 'User-Agent': 'Mozilla/5.0 (Windows NT 10.0; Win64; x64) AppleWebKit/537.36 (KHTML, like Gecko) Chrome/134.0.0.0 Safari/537.36 Edg/134.0.0.0', 'Sec-Ch-Ua': '"Chromium";v="134", "Not:A-Brand";v="24", "Microsoft Edge";v="134"', 'Dnt': '1', 'Sec-Ch-Ua-Mobile': '?0', 'Accept': '*/*', 'Origin': 'http://127.0.0.1:8000', 'Sec-Fetch-Site': 'same-origin', 'Sec-Fetch-Mode': 'cors', 'Sec-Fetch-Dest': 'empty', 'Referer': 'http://127.0.0.1:8000/', 'Accept-Encoding': 'gzip, deflate, br, zstd', 'Accept-Language': 'en-US,en;q=0.9', 'Cookie': 'messages=.eJyLjlaKj88qzs-Lz00tLk5MT1XSMdAxMtVRckxOzi_NK1FILkpNLElNUSguTU4Gqkgrzcmp1FPSUVKK1cGlNTK_tEihILG4uDy_KEUhI7FYISk1NU-hKLU4tYQUcyhwAo20KtJMKz3CDOKEWADAzalq:1tjsEy:PLEg6Nf4jpE7PnBUOnoo6le8pQSRUmG2ZLLEblTwkxQ; csrftoken=7HWryXkE3TH9AaF4iYhrKt8ogsyJr25Z; sessionid=0m37zcneezcg96wqudde5lmmpz41dgmx'}
2025-03-30 21:44:08,560 - chatbot - DEBUG - Request body: {"message":"I'm looking for a good comedy"}
2025-03-30 21:44:08,562 - chatbot - DEBUG - Parsed user message: I'm looking for a good comedy
2025-03-30 21:44:08,574 - chatbot - DEBUG - User message: I'm looking for a good comedy
2025-03-30 21:44:08,574 - chatbot - DEBUG - Detected genres: ['comedy']
2025-03-30 21:44:08,574 - chatbot - DEBUG - Detected intents: ['recommendation', 'genre', 'rating']
2025-03-30 21:44:08,575 - chatbot - DEBUG - Found 3 shows for genres: ['comedy']
2025-03-30 21:44:08,575 - chatbot - ERROR - Error processing chat message: module 'nltk' has no attribute 'random'
2025-03-30 21:44:08,577 - chatbot - ERROR - Traceback (most recent call last):
  File "D:\CS2340\MovieChatBot\chatbot\views.py", line 71, in chat_message
    response = chatbot.generate_response(user_message, shows)
               ^^^^^^^^^^^^^^^^^^^^^^^^^^^^^^^^^^^^^^^^^^^^^^
  File "D:\CS2340\MovieChatBot\chatbot\utils.py", line 230, in generate_response
    response = nltk.random.choice(self.responses['general'])
               ^^^^^^^^^^^
AttributeError: module 'nltk' has no attribute 'random'

2025-03-30 21:44:08,577 - django.request - ERROR - Internal Server Error: /chat/
2025-03-30 21:44:11,235 - chatbot - DEBUG - Received request to chat_message view
2025-03-30 21:44:11,235 - chatbot - DEBUG - Request headers: {'Content-Length': '20', 'Content-Type': 'application/json', 'Host': '127.0.0.1:8000', 'Connection': 'keep-alive', 'Sec-Ch-Ua-Platform': '"Windows"', 'X-Requested-With': 'XMLHttpRequest', 'User-Agent': 'Mozilla/5.0 (Windows NT 10.0; Win64; x64) AppleWebKit/537.36 (KHTML, like Gecko) Chrome/134.0.0.0 Safari/537.36 Edg/134.0.0.0', 'Sec-Ch-Ua': '"Chromium";v="134", "Not:A-Brand";v="24", "Microsoft Edge";v="134"', 'Dnt': '1', 'Sec-Ch-Ua-Mobile': '?0', 'Accept': '*/*', 'Origin': 'http://127.0.0.1:8000', 'Sec-Fetch-Site': 'same-origin', 'Sec-Fetch-Mode': 'cors', 'Sec-Fetch-Dest': 'empty', 'Referer': 'http://127.0.0.1:8000/', 'Accept-Encoding': 'gzip, deflate, br, zstd', 'Accept-Language': 'en-US,en;q=0.9', 'Cookie': 'messages=.eJyLjlaKj88qzs-Lz00tLk5MT1XSMdAxMtVRckxOzi_NK1FILkpNLElNUSguTU4Gqkgrzcmp1FPSUVKK1cGlNTK_tEihILG4uDy_KEUhI7FYISk1NU-hKLU4tYQUcyhwAo20KtJMKz3CDOKEWADAzalq:1tjsEy:PLEg6Nf4jpE7PnBUOnoo6le8pQSRUmG2ZLLEblTwkxQ; csrftoken=7HWryXkE3TH9AaF4iYhrKt8ogsyJr25Z; sessionid=0m37zcneezcg96wqudde5lmmpz41dgmx'}
2025-03-30 21:44:11,235 - chatbot - DEBUG - Request body: {"message":"action"}
2025-03-30 21:44:11,235 - chatbot - DEBUG - Parsed user message: action
2025-03-30 21:44:11,247 - chatbot - DEBUG - User message: action
2025-03-30 21:44:11,247 - chatbot - DEBUG - Detected genres: ['action']
2025-03-30 21:44:11,247 - chatbot - DEBUG - Detected intents: ['genre']
2025-03-30 21:44:11,248 - chatbot - DEBUG - Found 3 shows for genres: ['action']
2025-03-30 21:44:11,248 - chatbot - ERROR - Error processing chat message: module 'nltk' has no attribute 'random'
2025-03-30 21:44:11,251 - chatbot - ERROR - Traceback (most recent call last):
  File "D:\CS2340\MovieChatBot\chatbot\views.py", line 71, in chat_message
    response = chatbot.generate_response(user_message, shows)
               ^^^^^^^^^^^^^^^^^^^^^^^^^^^^^^^^^^^^^^^^^^^^^^
  File "D:\CS2340\MovieChatBot\chatbot\utils.py", line 230, in generate_response
    response = nltk.random.choice(self.responses['general'])
               ^^^^^^^^^^^
AttributeError: module 'nltk' has no attribute 'random'

2025-03-30 21:44:11,251 - django.request - ERROR - Internal Server Error: /chat/
2025-03-30 21:44:13,779 - chatbot - DEBUG - Received request to chat_message view
2025-03-30 21:44:13,779 - chatbot - DEBUG - Request headers: {'Content-Length': '17', 'Content-Type': 'application/json', 'Host': '127.0.0.1:8000', 'Connection': 'keep-alive', 'Sec-Ch-Ua-Platform': '"Windows"', 'X-Requested-With': 'XMLHttpRequest', 'User-Agent': 'Mozilla/5.0 (Windows NT 10.0; Win64; x64) AppleWebKit/537.36 (KHTML, like Gecko) Chrome/134.0.0.0 Safari/537.36 Edg/134.0.0.0', 'Sec-Ch-Ua': '"Chromium";v="134", "Not:A-Brand";v="24", "Microsoft Edge";v="134"', 'Dnt': '1', 'Sec-Ch-Ua-Mobile': '?0', 'Accept': '*/*', 'Origin': 'http://127.0.0.1:8000', 'Sec-Fetch-Site': 'same-origin', 'Sec-Fetch-Mode': 'cors', 'Sec-Fetch-Dest': 'empty', 'Referer': 'http://127.0.0.1:8000/', 'Accept-Encoding': 'gzip, deflate, br, zstd', 'Accept-Language': 'en-US,en;q=0.9', 'Cookie': 'messages=.eJyLjlaKj88qzs-Lz00tLk5MT1XSMdAxMtVRckxOzi_NK1FILkpNLElNUSguTU4Gqkgrzcmp1FPSUVKK1cGlNTK_tEihILG4uDy_KEUhI7FYISk1NU-hKLU4tYQUcyhwAo20KtJMKz3CDOKEWADAzalq:1tjsEy:PLEg6Nf4jpE7PnBUOnoo6le8pQSRUmG2ZLLEblTwkxQ; csrftoken=7HWryXkE3TH9AaF4iYhrKt8ogsyJr25Z; sessionid=0m37zcneezcg96wqudde5lmmpz41dgmx'}
2025-03-30 21:44:13,779 - chatbot - DEBUG - Request body: {"message":"sad"}
2025-03-30 21:44:13,779 - chatbot - DEBUG - Parsed user message: sad
2025-03-30 21:44:13,791 - chatbot - DEBUG - User message: sad
2025-03-30 21:44:13,791 - chatbot - DEBUG - Detected genres: []
2025-03-30 21:44:13,791 - chatbot - DEBUG - Detected intents: []
2025-03-30 21:44:13,792 - chatbot - DEBUG - Using default shows, found 3
2025-03-30 21:44:13,792 - chatbot - ERROR - Error processing chat message: module 'nltk' has no attribute 'random'
2025-03-30 21:44:13,794 - chatbot - ERROR - Traceback (most recent call last):
  File "D:\CS2340\MovieChatBot\chatbot\views.py", line 71, in chat_message
    response = chatbot.generate_response(user_message, shows)
               ^^^^^^^^^^^^^^^^^^^^^^^^^^^^^^^^^^^^^^^^^^^^^^
  File "D:\CS2340\MovieChatBot\chatbot\utils.py", line 230, in generate_response
    response = nltk.random.choice(self.responses['general'])
               ^^^^^^^^^^^
AttributeError: module 'nltk' has no attribute 'random'

2025-03-30 21:44:13,794 - django.request - ERROR - Internal Server Error: /chat/
2025-03-30 21:44:15,122 - chatbot - DEBUG - Received request to chat_message view
2025-03-30 21:44:15,122 - chatbot - DEBUG - Request headers: {'Content-Length': '16', 'Content-Type': 'application/json', 'Host': '127.0.0.1:8000', 'Connection': 'keep-alive', 'Sec-Ch-Ua-Platform': '"Windows"', 'X-Requested-With': 'XMLHttpRequest', 'User-Agent': 'Mozilla/5.0 (Windows NT 10.0; Win64; x64) AppleWebKit/537.36 (KHTML, like Gecko) Chrome/134.0.0.0 Safari/537.36 Edg/134.0.0.0', 'Sec-Ch-Ua': '"Chromium";v="134", "Not:A-Brand";v="24", "Microsoft Edge";v="134"', 'Dnt': '1', 'Sec-Ch-Ua-Mobile': '?0', 'Accept': '*/*', 'Origin': 'http://127.0.0.1:8000', 'Sec-Fetch-Site': 'same-origin', 'Sec-Fetch-Mode': 'cors', 'Sec-Fetch-Dest': 'empty', 'Referer': 'http://127.0.0.1:8000/', 'Accept-Encoding': 'gzip, deflate, br, zstd', 'Accept-Language': 'en-US,en;q=0.9', 'Cookie': 'messages=.eJyLjlaKj88qzs-Lz00tLk5MT1XSMdAxMtVRckxOzi_NK1FILkpNLElNUSguTU4Gqkgrzcmp1FPSUVKK1cGlNTK_tEihILG4uDy_KEUhI7FYISk1NU-hKLU4tYQUcyhwAo20KtJMKz3CDOKEWADAzalq:1tjsEy:PLEg6Nf4jpE7PnBUOnoo6le8pQSRUmG2ZLLEblTwkxQ; csrftoken=7HWryXkE3TH9AaF4iYhrKt8ogsyJr25Z; sessionid=0m37zcneezcg96wqudde5lmmpz41dgmx'}
2025-03-30 21:44:15,122 - chatbot - DEBUG - Request body: {"message":"hi"}
2025-03-30 21:44:15,122 - chatbot - DEBUG - Parsed user message: hi
2025-03-30 21:44:15,135 - chatbot - DEBUG - User message: hi
2025-03-30 21:44:15,135 - chatbot - DEBUG - Detected genres: []
2025-03-30 21:44:15,135 - chatbot - DEBUG - Detected intents: ['greeting']
2025-03-30 21:44:15,136 - chatbot - DEBUG - Using default shows, found 3
2025-03-30 21:44:15,136 - chatbot - ERROR - Error processing chat message: module 'nltk' has no attribute 'random'
2025-03-30 21:44:15,137 - chatbot - ERROR - Traceback (most recent call last):
  File "D:\CS2340\MovieChatBot\chatbot\views.py", line 71, in chat_message
    response = chatbot.generate_response(user_message, shows)
               ^^^^^^^^^^^^^^^^^^^^^^^^^^^^^^^^^^^^^^^^^^^^^^
  File "D:\CS2340\MovieChatBot\chatbot\utils.py", line 209, in generate_response
    'message': nltk.random.choice(self.responses['greeting']),
               ^^^^^^^^^^^
AttributeError: module 'nltk' has no attribute 'random'

2025-03-30 21:44:15,137 - django.request - ERROR - Internal Server Error: /chat/
2025-03-30 21:44:17,146 - chatbot - DEBUG - Received request to chat_message view
2025-03-30 21:44:17,146 - chatbot - DEBUG - Request headers: {'Content-Length': '19', 'Content-Type': 'application/json', 'Host': '127.0.0.1:8000', 'Connection': 'keep-alive', 'Sec-Ch-Ua-Platform': '"Windows"', 'X-Requested-With': 'XMLHttpRequest', 'User-Agent': 'Mozilla/5.0 (Windows NT 10.0; Win64; x64) AppleWebKit/537.36 (KHTML, like Gecko) Chrome/134.0.0.0 Safari/537.36 Edg/134.0.0.0', 'Sec-Ch-Ua': '"Chromium";v="134", "Not:A-Brand";v="24", "Microsoft Edge";v="134"', 'Dnt': '1', 'Sec-Ch-Ua-Mobile': '?0', 'Accept': '*/*', 'Origin': 'http://127.0.0.1:8000', 'Sec-Fetch-Site': 'same-origin', 'Sec-Fetch-Mode': 'cors', 'Sec-Fetch-Dest': 'empty', 'Referer': 'http://127.0.0.1:8000/', 'Accept-Encoding': 'gzip, deflate, br, zstd', 'Accept-Language': 'en-US,en;q=0.9', 'Cookie': 'messages=.eJyLjlaKj88qzs-Lz00tLk5MT1XSMdAxMtVRckxOzi_NK1FILkpNLElNUSguTU4Gqkgrzcmp1FPSUVKK1cGlNTK_tEihILG4uDy_KEUhI7FYISk1NU-hKLU4tYQUcyhwAo20KtJMKz3CDOKEWADAzalq:1tjsEy:PLEg6Nf4jpE7PnBUOnoo6le8pQSRUmG2ZLLEblTwkxQ; csrftoken=7HWryXkE3TH9AaF4iYhrKt8ogsyJr25Z; sessionid=0m37zcneezcg96wqudde5lmmpz41dgmx'}
2025-03-30 21:44:17,146 - chatbot - DEBUG - Request body: {"message":"hello"}
2025-03-30 21:44:17,146 - chatbot - DEBUG - Parsed user message: hello
2025-03-30 21:44:17,158 - chatbot - DEBUG - User message: hello
2025-03-30 21:44:17,158 - chatbot - DEBUG - Detected genres: []
2025-03-30 21:44:17,158 - chatbot - DEBUG - Detected intents: ['greeting']
2025-03-30 21:44:17,158 - chatbot - DEBUG - Using default shows, found 3
2025-03-30 21:44:17,158 - chatbot - ERROR - Error processing chat message: module 'nltk' has no attribute 'random'
2025-03-30 21:44:17,161 - chatbot - ERROR - Traceback (most recent call last):
  File "D:\CS2340\MovieChatBot\chatbot\views.py", line 71, in chat_message
    response = chatbot.generate_response(user_message, shows)
               ^^^^^^^^^^^^^^^^^^^^^^^^^^^^^^^^^^^^^^^^^^^^^^
  File "D:\CS2340\MovieChatBot\chatbot\utils.py", line 209, in generate_response
    'message': nltk.random.choice(self.responses['greeting']),
               ^^^^^^^^^^^
AttributeError: module 'nltk' has no attribute 'random'

2025-03-30 21:44:17,161 - django.request - ERROR - Internal Server Error: /chat/
2025-03-30 21:47:22,458 - django.utils.autoreload - INFO - D:\CS2340\MovieChatBot\chatbot\views.py changed, reloading.
2025-03-30 21:48:14,015 - django.utils.autoreload - INFO - D:\CS2340\MovieChatBot\chatbot\views.py changed, reloading.
2025-03-30 21:48:46,151 - django.utils.autoreload - INFO - D:\CS2340\MovieChatBot\chatbot\views.py changed, reloading.
2025-03-30 21:49:07,692 - django.utils.autoreload - INFO - D:\CS2340\MovieChatBot\chatbot\views.py changed, reloading.
2025-03-30 21:49:33,352 - django.request - WARNING - Method Not Allowed: /simple-chat/
2025-03-30 21:49:38,702 - chatbot_debug - DEBUG - Received POST request to chat_message
2025-03-30 21:49:38,703 - chatbot_debug - DEBUG - Successfully parsed JSON data: {'message': "I'm looking for a good comedy"}
2025-03-30 21:49:38,703 - chatbot_debug - DEBUG - Processing user message: 'I'm looking for a good comedy'
2025-03-30 21:49:38,714 - chatbot_debug - DEBUG - Saved user message to database
2025-03-30 21:49:38,715 - chatbot_debug - DEBUG - Extracted genres: ['comedy']
2025-03-30 21:49:38,715 - chatbot_debug - DEBUG - Detected intents: ['recommendation', 'genre', 'rating']
2025-03-30 21:49:38,716 - chatbot_debug - DEBUG - Total shows in database: 20
2025-03-30 21:49:38,717 - chatbot_debug - DEBUG - Found 3 shows for genres: ['comedy']
2025-03-30 21:49:38,717 - chatbot_debug - DEBUG - Shows found: ['Sonic the Hedgehog 3', 'Moana 2', 'Old Guy']
2025-03-30 21:49:38,717 - chatbot_debug - ERROR - Error generating response: module 'nltk' has no attribute 'random'
2025-03-30 21:49:38,717 - django.request - ERROR - Internal Server Error: /chat/
2025-03-30 21:49:39,857 - chatbot_debug - DEBUG - Received POST request to chat_message
2025-03-30 21:49:39,857 - chatbot_debug - DEBUG - Successfully parsed JSON data: {'message': 'I like action movies with lots of stunts'}
2025-03-30 21:49:39,858 - chatbot_debug - DEBUG - Processing user message: 'I like action movies with lots of stunts'
2025-03-30 21:49:39,869 - chatbot_debug - DEBUG - Saved user message to database
2025-03-30 21:49:39,869 - chatbot_debug - DEBUG - Extracted genres: ['action']
2025-03-30 21:49:39,869 - chatbot_debug - DEBUG - Detected intents: ['genre', 'preference', 'actor']
2025-03-30 21:49:39,871 - chatbot_debug - DEBUG - Total shows in database: 20
2025-03-30 21:49:39,871 - chatbot_debug - DEBUG - Found 3 shows for genres: ['action']
2025-03-30 21:49:39,871 - chatbot_debug - DEBUG - Shows found: ['Counterattack', 'The Codes of War', 'Sonic the Hedgehog 3']
2025-03-30 21:49:39,871 - chatbot_debug - ERROR - Error generating response: module 'nltk' has no attribute 'random'
2025-03-30 21:49:39,871 - django.request - ERROR - Internal Server Error: /chat/
2025-03-30 21:49:40,271 - chatbot_debug - DEBUG - Received POST request to chat_message
2025-03-30 21:49:40,271 - chatbot_debug - DEBUG - Successfully parsed JSON data: {'message': 'I like action movies with lots of stunts'}
2025-03-30 21:49:40,271 - chatbot_debug - DEBUG - Processing user message: 'I like action movies with lots of stunts'
2025-03-30 21:49:40,283 - chatbot_debug - DEBUG - Saved user message to database
2025-03-30 21:49:40,284 - chatbot_debug - DEBUG - Extracted genres: ['action']
2025-03-30 21:49:40,284 - chatbot_debug - DEBUG - Detected intents: ['genre', 'preference', 'actor']
2025-03-30 21:49:40,284 - chatbot_debug - DEBUG - Total shows in database: 20
2025-03-30 21:49:40,285 - chatbot_debug - DEBUG - Found 3 shows for genres: ['action']
2025-03-30 21:49:40,285 - chatbot_debug - DEBUG - Shows found: ['Counterattack', 'The Codes of War', 'Sonic the Hedgehog 3']
2025-03-30 21:49:40,285 - chatbot_debug - ERROR - Error generating response: module 'nltk' has no attribute 'random'
2025-03-30 21:49:40,285 - django.request - ERROR - Internal Server Error: /chat/
2025-03-30 21:49:40,464 - chatbot_debug - DEBUG - Received POST request to chat_message
2025-03-30 21:49:40,464 - chatbot_debug - DEBUG - Successfully parsed JSON data: {'message': 'I like action movies with lots of stunts'}
2025-03-30 21:49:40,464 - chatbot_debug - DEBUG - Processing user message: 'I like action movies with lots of stunts'
2025-03-30 21:49:40,476 - chatbot_debug - DEBUG - Saved user message to database
2025-03-30 21:49:40,476 - chatbot_debug - DEBUG - Extracted genres: ['action']
2025-03-30 21:49:40,476 - chatbot_debug - DEBUG - Detected intents: ['genre', 'preference', 'actor']
2025-03-30 21:49:40,477 - chatbot_debug - DEBUG - Total shows in database: 20
2025-03-30 21:49:40,477 - chatbot_debug - DEBUG - Found 3 shows for genres: ['action']
2025-03-30 21:49:40,477 - chatbot_debug - DEBUG - Shows found: ['Counterattack', 'The Codes of War', 'Sonic the Hedgehog 3']
2025-03-30 21:49:40,477 - chatbot_debug - ERROR - Error generating response: module 'nltk' has no attribute 'random'
2025-03-30 21:49:40,477 - django.request - ERROR - Internal Server Error: /chat/
2025-03-30 21:49:40,657 - chatbot_debug - DEBUG - Received POST request to chat_message
2025-03-30 21:49:40,658 - chatbot_debug - DEBUG - Successfully parsed JSON data: {'message': 'I like action movies with lots of stunts'}
2025-03-30 21:49:40,658 - chatbot_debug - DEBUG - Processing user message: 'I like action movies with lots of stunts'
2025-03-30 21:49:40,669 - chatbot_debug - DEBUG - Saved user message to database
2025-03-30 21:49:40,669 - chatbot_debug - DEBUG - Extracted genres: ['action']
2025-03-30 21:49:40,669 - chatbot_debug - DEBUG - Detected intents: ['genre', 'preference', 'actor']
2025-03-30 21:49:40,670 - chatbot_debug - DEBUG - Total shows in database: 20
2025-03-30 21:49:40,670 - chatbot_debug - DEBUG - Found 3 shows for genres: ['action']
2025-03-30 21:49:40,670 - chatbot_debug - DEBUG - Shows found: ['Counterattack', 'The Codes of War', 'Sonic the Hedgehog 3']
2025-03-30 21:49:40,670 - chatbot_debug - ERROR - Error generating response: module 'nltk' has no attribute 'random'
2025-03-30 21:49:40,670 - django.request - ERROR - Internal Server Error: /chat/
2025-03-30 21:49:40,848 - chatbot_debug - DEBUG - Received POST request to chat_message
2025-03-30 21:49:40,848 - chatbot_debug - DEBUG - Successfully parsed JSON data: {'message': 'I like action movies with lots of stunts'}
2025-03-30 21:49:40,848 - chatbot_debug - DEBUG - Processing user message: 'I like action movies with lots of stunts'
2025-03-30 21:49:40,860 - chatbot_debug - DEBUG - Saved user message to database
2025-03-30 21:49:40,860 - chatbot_debug - DEBUG - Extracted genres: ['action']
2025-03-30 21:49:40,860 - chatbot_debug - DEBUG - Detected intents: ['genre', 'preference', 'actor']
2025-03-30 21:49:40,861 - chatbot_debug - DEBUG - Total shows in database: 20
2025-03-30 21:49:40,861 - chatbot_debug - DEBUG - Found 3 shows for genres: ['action']
2025-03-30 21:49:40,861 - chatbot_debug - DEBUG - Shows found: ['Counterattack', 'The Codes of War', 'Sonic the Hedgehog 3']
2025-03-30 21:49:40,861 - chatbot_debug - ERROR - Error generating response: module 'nltk' has no attribute 'random'
2025-03-30 21:49:40,862 - django.request - ERROR - Internal Server Error: /chat/
2025-03-30 21:49:41,487 - chatbot_debug - DEBUG - Received POST request to chat_message
2025-03-30 21:49:41,487 - chatbot_debug - DEBUG - Successfully parsed JSON data: {'message': 'Show me some romantic comedies'}
2025-03-30 21:49:41,487 - chatbot_debug - DEBUG - Processing user message: 'Show me some romantic comedies'
2025-03-30 21:49:41,500 - chatbot_debug - DEBUG - Saved user message to database
2025-03-30 21:49:41,500 - chatbot_debug - DEBUG - Extracted genres: []
2025-03-30 21:49:41,500 - chatbot_debug - DEBUG - Detected intents: ['recommendation']
2025-03-30 21:49:41,500 - chatbot_debug - DEBUG - Total shows in database: 20
2025-03-30 21:49:41,502 - chatbot_debug - DEBUG - Using default shows, found 3
2025-03-30 21:49:41,502 - chatbot_debug - DEBUG - Shows found: ['Counterattack', 'The Codes of War', 'Sonic the Hedgehog 3']
2025-03-30 21:49:41,502 - chatbot_debug - ERROR - Error generating response: module 'nltk' has no attribute 'random'
2025-03-30 21:49:41,502 - django.request - ERROR - Internal Server Error: /chat/
2025-03-30 21:50:37,594 - django.utils.autoreload - INFO - D:\CS2340\MovieChatBot\chatbot\urls.py changed, reloading.
2025-03-30 21:52:13,235 - django.utils.autoreload - INFO - D:\CS2340\MovieChatBot\chatbot\views.py changed, reloading.
2025-03-30 21:52:22,528 - django.request - ERROR - Internal Server Error: /debug/
Traceback (most recent call last):
  File "D:\CS2340\MovieChatBot\.venv\Lib\site-packages\django\core\handlers\exception.py", line 55, in inner
    response = get_response(request)
               ^^^^^^^^^^^^^^^^^^^^^
  File "D:\CS2340\MovieChatBot\.venv\Lib\site-packages\django\core\handlers\base.py", line 197, in _get_response
    response = wrapped_callback(request, *callback_args, **callback_kwargs)
               ^^^^^^^^^^^^^^^^^^^^^^^^^^^^^^^^^^^^^^^^^^^^^^^^^^^^^^^^^^^^
  File "D:\CS2340\MovieChatBot\chatbot\views.py", line 390, in debug_page
    'django_version': django.get_version(),
                      ^^^^^^^^^^^^^^^^^^
AttributeError: module 'django.template.backends.django' has no attribute 'get_version'
2025-03-30 21:55:01,022 - django.utils.autoreload - INFO - D:\CS2340\MovieChatBot\chatbot\urls.py changed, reloading.
2025-03-30 21:56:30,857 - django.utils.autoreload - INFO - D:\CS2340\MovieChatBot\chatbot\utils.py changed, reloading.
2025-03-30 21:56:34,147 - chatbot_debug - DEBUG - Received POST request to chat_message
2025-03-30 21:56:34,147 - chatbot_debug - DEBUG - Successfully parsed JSON data: {'message': "I'm looking for a good comedy"}
2025-03-30 21:56:34,147 - chatbot_debug - DEBUG - Processing user message: 'I'm looking for a good comedy'
2025-03-30 21:56:34,159 - chatbot_debug - DEBUG - Saved user message to database
2025-03-30 21:56:34,160 - chatbot_debug - DEBUG - Extracted genres: ['comedy']
2025-03-30 21:56:34,161 - chatbot_debug - DEBUG - Detected intents: ['recommendation', 'genre', 'rating']
2025-03-30 21:56:34,161 - chatbot_debug - DEBUG - Total shows in database: 20
2025-03-30 21:56:34,162 - chatbot_debug - DEBUG - Found 3 shows for genres: ['comedy']
2025-03-30 21:56:34,162 - chatbot_debug - DEBUG - Shows found: ['Sonic the Hedgehog 3', 'Moana 2', 'Old Guy']
2025-03-30 21:56:34,162 - chatbot_debug - DEBUG - Generated response: {'message': "Based on what you've told me, here are some movies you might enjoy:\nI found these comedy shows for you: Sonic the Hedgehog 3, Moana 2, Old Guy", 'requires_recommendation': True}
2025-03-30 21:56:34,173 - chatbot_debug - DEBUG - Saved bot response to database
2025-03-30 21:56:34,173 - chatbot_debug - DEBUG - Prepared JSON response with 3 recommendations
2025-03-30 21:56:37,976 - chatbot_debug - DEBUG - Received POST request to chat_message
2025-03-30 21:56:37,976 - chatbot_debug - DEBUG - Successfully parsed JSON data: {'message': 'Recommend sci-fi movies'}
2025-03-30 21:56:37,976 - chatbot_debug - DEBUG - Processing user message: 'Recommend sci-fi movies'
2025-03-30 21:56:37,989 - chatbot_debug - DEBUG - Saved user message to database
2025-03-30 21:56:37,989 - chatbot_debug - DEBUG - Extracted genres: ['sci-fi', 'science fiction']
2025-03-30 21:56:37,989 - chatbot_debug - DEBUG - Detected intents: ['recommendation', 'genre']
2025-03-30 21:56:37,989 - chatbot_debug - DEBUG - Total shows in database: 20
2025-03-30 21:56:37,990 - chatbot_debug - DEBUG - Found 3 shows for genres: ['sci-fi', 'science fiction']
2025-03-30 21:56:37,990 - chatbot_debug - DEBUG - Shows found: ['Sonic the Hedgehog 3', 'The Gorge', 'The Electric State']
2025-03-30 21:56:37,990 - chatbot_debug - DEBUG - Generated response: {'message': "Based on what you've told me, here are some movies you might enjoy:\nI found these sci-fi, science fiction shows for you: Sonic the Hedgehog 3, The Gorge, The Electric State", 'requires_recommendation': True}
2025-03-30 21:56:38,000 - chatbot_debug - DEBUG - Saved bot response to database
2025-03-30 21:56:38,000 - chatbot_debug - DEBUG - Prepared JSON response with 3 recommendations
2025-03-30 21:56:44,515 - chatbot_debug - DEBUG - Received POST request to chat_message
2025-03-30 21:56:44,515 - chatbot_debug - DEBUG - Successfully parsed JSON data: {'message': 'Hello'}
2025-03-30 21:56:44,515 - chatbot_debug - DEBUG - Processing user message: 'Hello'
2025-03-30 21:56:44,527 - chatbot_debug - DEBUG - Saved user message to database
2025-03-30 21:56:44,527 - chatbot_debug - DEBUG - Extracted genres: []
2025-03-30 21:56:44,527 - chatbot_debug - DEBUG - Detected intents: ['greeting']
2025-03-30 21:56:44,528 - chatbot_debug - DEBUG - Total shows in database: 20
2025-03-30 21:56:44,528 - chatbot_debug - DEBUG - Using default shows, found 3
2025-03-30 21:56:44,528 - chatbot_debug - DEBUG - Shows found: ['Counterattack', 'The Codes of War', 'Sonic the Hedgehog 3']
2025-03-30 21:56:44,528 - chatbot_debug - DEBUG - Generated response: {'message': "Hey! I'm your movie recommendation assistant. What are you in the mood for?", 'requires_recommendation': False}
2025-03-30 21:56:44,537 - chatbot_debug - DEBUG - Saved bot response to database
2025-03-30 21:56:44,537 - chatbot_debug - DEBUG - Prepared JSON response with 0 recommendations
2025-03-30 21:56:47,403 - chatbot_debug - DEBUG - Received POST request to chat_message
2025-03-30 21:56:47,404 - chatbot_debug - DEBUG - Successfully parsed JSON data: {'message': 'sad'}
2025-03-30 21:56:47,404 - chatbot_debug - DEBUG - Processing user message: 'sad'
2025-03-30 21:56:47,414 - chatbot_debug - DEBUG - Saved user message to database
2025-03-30 21:56:47,416 - chatbot_debug - DEBUG - Extracted genres: []
2025-03-30 21:56:47,416 - chatbot_debug - DEBUG - Detected intents: []
2025-03-30 21:56:47,416 - chatbot_debug - DEBUG - Total shows in database: 20
2025-03-30 21:56:47,416 - chatbot_debug - DEBUG - Using default shows, found 3
2025-03-30 21:56:47,416 - chatbot_debug - DEBUG - Shows found: ['Counterattack', 'The Codes of War', 'Sonic the Hedgehog 3']
2025-03-30 21:56:47,416 - chatbot_debug - DEBUG - Generated response: {'message': "Based on what you've told me, here are some movies you might enjoy:\nHere are some shows you might enjoy: Counterattack, The Codes of War, Sonic the Hedgehog 3", 'requires_recommendation': True}
2025-03-30 21:56:47,426 - chatbot_debug - DEBUG - Saved bot response to database
2025-03-30 21:56:47,426 - chatbot_debug - DEBUG - Prepared JSON response with 3 recommendations
2025-03-30 21:57:18,340 - chatbot_debug - DEBUG - Received POST request to chat_message
2025-03-30 21:57:18,340 - chatbot_debug - DEBUG - Successfully parsed JSON data: {'message': 'horro'}
2025-03-30 21:57:18,340 - chatbot_debug - DEBUG - Processing user message: 'horro'
2025-03-30 21:57:18,351 - chatbot_debug - DEBUG - Saved user message to database
2025-03-30 21:57:18,351 - chatbot_debug - DEBUG - Extracted genres: []
2025-03-30 21:57:18,351 - chatbot_debug - DEBUG - Detected intents: []
2025-03-30 21:57:18,352 - chatbot_debug - DEBUG - Total shows in database: 20
2025-03-30 21:57:18,352 - chatbot_debug - DEBUG - Using default shows, found 3
2025-03-30 21:57:18,352 - chatbot_debug - DEBUG - Shows found: ['Counterattack', 'The Codes of War', 'Sonic the Hedgehog 3']
2025-03-30 21:57:18,352 - chatbot_debug - DEBUG - Generated response: {'message': "Check out these movies that fit what you're looking for:\nHere are some shows you might enjoy: Counterattack, The Codes of War, Sonic the Hedgehog 3", 'requires_recommendation': True}
2025-03-30 21:57:18,362 - chatbot_debug - DEBUG - Saved bot response to database
2025-03-30 21:57:18,362 - chatbot_debug - DEBUG - Prepared JSON response with 3 recommendations
2025-03-30 21:57:22,843 - chatbot_debug - DEBUG - Received POST request to chat_message
2025-03-30 21:57:22,844 - chatbot_debug - DEBUG - Successfully parsed JSON data: {'message': 'action'}
2025-03-30 21:57:22,844 - chatbot_debug - DEBUG - Processing user message: 'action'
2025-03-30 21:57:22,856 - chatbot_debug - DEBUG - Saved user message to database
2025-03-30 21:57:22,856 - chatbot_debug - DEBUG - Extracted genres: ['action']
2025-03-30 21:57:22,856 - chatbot_debug - DEBUG - Detected intents: ['genre']
2025-03-30 21:57:22,857 - chatbot_debug - DEBUG - Total shows in database: 20
2025-03-30 21:57:22,857 - chatbot_debug - DEBUG - Found 3 shows for genres: ['action']
2025-03-30 21:57:22,857 - chatbot_debug - DEBUG - Shows found: ['Counterattack', 'The Codes of War', 'Sonic the Hedgehog 3']
2025-03-30 21:57:22,857 - chatbot_debug - DEBUG - Generated response: {'message': "I think you'd really like these movies:\nI found these action shows for you: Counterattack, The Codes of War, Sonic the Hedgehog 3", 'requires_recommendation': True}
2025-03-30 21:57:22,867 - chatbot_debug - DEBUG - Saved bot response to database
2025-03-30 21:57:22,867 - chatbot_debug - DEBUG - Prepared JSON response with 3 recommendations
2025-03-30 21:57:24,500 - chatbot_debug - DEBUG - Received POST request to chat_message
2025-03-30 21:57:24,500 - chatbot_debug - DEBUG - Successfully parsed JSON data: {'message': 'asd'}
2025-03-30 21:57:24,500 - chatbot_debug - DEBUG - Processing user message: 'asd'
2025-03-30 21:57:24,512 - chatbot_debug - DEBUG - Saved user message to database
2025-03-30 21:57:24,512 - chatbot_debug - DEBUG - Extracted genres: []
2025-03-30 21:57:24,512 - chatbot_debug - DEBUG - Detected intents: []
2025-03-30 21:57:24,513 - chatbot_debug - DEBUG - Total shows in database: 20
2025-03-30 21:57:24,513 - chatbot_debug - DEBUG - Using default shows, found 3
2025-03-30 21:57:24,513 - chatbot_debug - DEBUG - Shows found: ['Counterattack', 'The Codes of War', 'Sonic the Hedgehog 3']
2025-03-30 21:57:24,513 - chatbot_debug - DEBUG - Generated response: {'message': "Check out these movies that fit what you're looking for:\nHere are some shows you might enjoy: Counterattack, The Codes of War, Sonic the Hedgehog 3", 'requires_recommendation': True}
2025-03-30 21:57:24,523 - chatbot_debug - DEBUG - Saved bot response to database
2025-03-30 21:57:24,524 - chatbot_debug - DEBUG - Prepared JSON response with 3 recommendations
2025-03-30 21:57:25,034 - chatbot_debug - DEBUG - Received POST request to chat_message
2025-03-30 21:57:25,034 - chatbot_debug - DEBUG - Successfully parsed JSON data: {'message': 'ad'}
2025-03-30 21:57:25,034 - chatbot_debug - DEBUG - Processing user message: 'ad'
2025-03-30 21:57:25,048 - chatbot_debug - DEBUG - Saved user message to database
2025-03-30 21:57:25,048 - chatbot_debug - DEBUG - Extracted genres: []
2025-03-30 21:57:25,048 - chatbot_debug - DEBUG - Detected intents: []
2025-03-30 21:57:25,048 - chatbot_debug - DEBUG - Total shows in database: 20
2025-03-30 21:57:25,049 - chatbot_debug - DEBUG - Using default shows, found 3
2025-03-30 21:57:25,049 - chatbot_debug - DEBUG - Shows found: ['Counterattack', 'The Codes of War', 'Sonic the Hedgehog 3']
2025-03-30 21:57:25,049 - chatbot_debug - DEBUG - Generated response: {'message': "Check out these movies that fit what you're looking for:\nHere are some shows you might enjoy: Counterattack, The Codes of War, Sonic the Hedgehog 3", 'requires_recommendation': True}
2025-03-30 21:57:25,058 - chatbot_debug - DEBUG - Saved bot response to database
2025-03-30 21:57:25,059 - chatbot_debug - DEBUG - Prepared JSON response with 3 recommendations
2025-03-30 21:57:25,476 - chatbot_debug - DEBUG - Received POST request to chat_message
2025-03-30 21:57:25,476 - chatbot_debug - DEBUG - Successfully parsed JSON data: {'message': 'a'}
2025-03-30 21:57:25,476 - chatbot_debug - DEBUG - Processing user message: 'a'
2025-03-30 21:57:25,487 - chatbot_debug - DEBUG - Saved user message to database
2025-03-30 21:57:25,489 - chatbot_debug - DEBUG - Extracted genres: []
2025-03-30 21:57:25,489 - chatbot_debug - DEBUG - Detected intents: []
2025-03-30 21:57:25,489 - chatbot_debug - DEBUG - Total shows in database: 20
2025-03-30 21:57:25,489 - chatbot_debug - DEBUG - Using default shows, found 3
2025-03-30 21:57:25,489 - chatbot_debug - DEBUG - Shows found: ['Counterattack', 'The Codes of War', 'Sonic the Hedgehog 3']
2025-03-30 21:57:25,489 - chatbot_debug - DEBUG - Generated response: {'message': "Based on what you've told me, here are some movies you might enjoy:\nHere are some shows you might enjoy: Counterattack, The Codes of War, Sonic the Hedgehog 3", 'requires_recommendation': True}
2025-03-30 21:57:25,499 - chatbot_debug - DEBUG - Saved bot response to database
2025-03-30 21:57:25,499 - chatbot_debug - DEBUG - Prepared JSON response with 3 recommendations
2025-03-30 21:57:35,787 - chatbot_debug - DEBUG - Received POST request to chat_message
2025-03-30 21:57:35,787 - chatbot_debug - DEBUG - Successfully parsed JSON data: {'message': 'I like action movies with lots of stunts'}
2025-03-30 21:57:35,787 - chatbot_debug - DEBUG - Processing user message: 'I like action movies with lots of stunts'
2025-03-30 21:57:35,798 - chatbot_debug - DEBUG - Saved user message to database
2025-03-30 21:57:35,798 - chatbot_debug - DEBUG - Extracted genres: ['action']
2025-03-30 21:57:35,798 - chatbot_debug - DEBUG - Detected intents: ['genre', 'preference', 'actor']
2025-03-30 21:57:35,799 - chatbot_debug - DEBUG - Total shows in database: 20
2025-03-30 21:57:35,800 - chatbot_debug - DEBUG - Found 3 shows for genres: ['action']
2025-03-30 21:57:35,800 - chatbot_debug - DEBUG - Shows found: ['Counterattack', 'The Codes of War', 'Sonic the Hedgehog 3']
2025-03-30 21:57:35,800 - chatbot_debug - DEBUG - Generated response: {'message': "I think you'd really like these movies:\nI found these action shows for you: Counterattack, The Codes of War, Sonic the Hedgehog 3", 'requires_recommendation': True}
2025-03-30 21:57:35,810 - chatbot_debug - DEBUG - Saved bot response to database
2025-03-30 21:57:35,810 - chatbot_debug - DEBUG - Prepared JSON response with 3 recommendations
2025-03-30 21:59:53,631 - django.utils.autoreload - INFO - D:\CS2340\MovieChatBot\chatbot\views.py changed, reloading.
2025-03-30 21:59:53,810 - django.utils.autoreload - INFO - D:\CS2340\MovieChatBot\chatbot\views.py changed, reloading.
2025-03-30 22:00:13,979 - django.utils.autoreload - INFO - D:\CS2340\MovieChatBot\chatbot\views.py changed, reloading.
2025-03-30 22:00:14,092 - django.utils.autoreload - INFO - D:\CS2340\MovieChatBot\chatbot\views.py changed, reloading.
2025-03-30 22:10:08,867 - django.utils.autoreload - INFO - D:\CS2340\MovieChatBot\chatbot\views.py changed, reloading.
2025-03-30 22:10:08,872 - django.utils.autoreload - INFO - D:\CS2340\MovieChatBot\chatbot\views.py changed, reloading.
2025-03-30 22:20:56,328 - django.utils.autoreload - INFO - D:\CS2340\MovieChatBot\chatbot\models.py changed, reloading.
2025-03-30 22:20:56,331 - django.utils.autoreload - INFO - D:\CS2340\MovieChatBot\chatbot\models.py changed, reloading.
2025-03-30 22:21:55,269 - django.utils.autoreload - INFO - D:\CS2340\MovieChatBot\chatbot\views.py changed, reloading.
2025-03-30 22:21:55,447 - django.utils.autoreload - INFO - D:\CS2340\MovieChatBot\chatbot\views.py changed, reloading.
2025-03-30 22:25:03,190 - django.utils.autoreload - INFO - D:\CS2340\MovieChatBot\chatbot\views.py changed, reloading.
2025-03-30 22:25:03,193 - django.utils.autoreload - INFO - D:\CS2340\MovieChatBot\chatbot\views.py changed, reloading.
2025-03-30 22:25:52,628 - django.utils.autoreload - INFO - D:\CS2340\MovieChatBot\chatbot\views.py changed, reloading.
2025-03-30 22:25:52,634 - django.utils.autoreload - INFO - D:\CS2340\MovieChatBot\chatbot\views.py changed, reloading.
2025-03-30 22:32:31,033 - chatbot_debug - DEBUG - Received POST request to chat_message
2025-03-30 22:32:31,033 - chatbot_debug - DEBUG - Successfully parsed JSON data: {'message': 'I like action movies with lots of stunts'}
2025-03-30 22:32:31,033 - chatbot_debug - DEBUG - Processing user message: 'I like action movies with lots of stunts'
2025-03-30 22:32:31,045 - chatbot_debug - DEBUG - Saved user message to database
2025-03-30 22:32:31,046 - chatbot_debug - DEBUG - Extracted genres: ['action']
2025-03-30 22:32:31,046 - chatbot_debug - DEBUG - Detected intents: ['genre', 'preference', 'actor']
2025-03-30 22:32:31,047 - chatbot_debug - DEBUG - Total shows in database: 165
2025-03-30 22:32:31,050 - chatbot_debug - DEBUG - Shows found: ['Counterattack', 'The Codes of War', 'El Infierno']
2025-03-30 22:32:31,050 - chatbot_debug - DEBUG - Generated response: {'message': 'Here are some recommendations that match your interests:\nI found these action shows for you: Counterattack, The Codes of War, El Infierno', 'requires_recommendation': True}
2025-03-30 22:32:31,060 - chatbot_debug - DEBUG - Saved bot response to database
2025-03-30 22:32:31,060 - chatbot_debug - DEBUG - Prepared JSON response with 3 recommendations
2025-03-30 22:32:35,389 - chatbot_debug - DEBUG - Received POST request to chat_message
2025-03-30 22:32:35,390 - chatbot_debug - DEBUG - Successfully parsed JSON data: {'message': 'Show me some romantic comedies'}
2025-03-30 22:32:35,390 - chatbot_debug - DEBUG - Processing user message: 'Show me some romantic comedies'
2025-03-30 22:32:35,401 - chatbot_debug - DEBUG - Saved user message to database
2025-03-30 22:32:35,403 - chatbot_debug - DEBUG - Extracted genres: []
2025-03-30 22:32:35,403 - chatbot_debug - DEBUG - Detected intents: ['recommendation']
2025-03-30 22:32:35,403 - chatbot_debug - DEBUG - Total shows in database: 165
2025-03-30 22:32:35,404 - chatbot_debug - DEBUG - Using default shows, found 3
2025-03-30 22:32:35,404 - chatbot_debug - DEBUG - Shows found: ['Fantasy', 'The Best of Rooster Teeth Animated Adventures', 'The Shawshank Redemption']
2025-03-30 22:32:35,405 - chatbot_debug - DEBUG - Generated response: {'message': "I think you'd really like these movies:\nHere are some shows you might enjoy: Fantasy, The Best of Rooster Teeth Animated Adventures, The Shawshank Redemption", 'requires_recommendation': True}
2025-03-30 22:32:35,414 - chatbot_debug - DEBUG - Saved bot response to database
2025-03-30 22:32:35,415 - chatbot_debug - DEBUG - Prepared JSON response with 3 recommendations
2025-03-30 22:32:48,851 - chatbot_debug - DEBUG - Received POST request to chat_message
2025-03-30 22:32:48,851 - chatbot_debug - DEBUG - Successfully parsed JSON data: {'message': "I'm looking for a good comedy"}
2025-03-30 22:32:48,852 - chatbot_debug - DEBUG - Processing user message: 'I'm looking for a good comedy'
2025-03-30 22:32:48,863 - chatbot_debug - DEBUG - Saved user message to database
2025-03-30 22:32:48,864 - chatbot_debug - DEBUG - Extracted genres: ['comedy']
2025-03-30 22:32:48,864 - chatbot_debug - DEBUG - Detected intents: ['recommendation', 'genre', 'rating']
2025-03-30 22:32:48,864 - chatbot_debug - DEBUG - Total shows in database: 165
2025-03-30 22:32:48,866 - chatbot_debug - DEBUG - Shows found: ['The Best of Rooster Teeth Animated Adventures', 'Chuck Billy and The Marvelous Guava Tree', 'Memoir of a Snail']
2025-03-30 22:32:48,866 - chatbot_debug - DEBUG - Generated response: {'message': "Based on what you've told me, here are some movies you might enjoy:\nI found these comedy shows for you: The Best of Rooster Teeth Animated Adventures, Chuck Billy and The Marvelous Guava Tree, Memoir of a Snail", 'requires_recommendation': True}
2025-03-30 22:32:48,877 - chatbot_debug - DEBUG - Saved bot response to database
2025-03-30 22:32:48,877 - chatbot_debug - DEBUG - Prepared JSON response with 3 recommendations
2025-03-30 22:32:55,762 - chatbot_debug - DEBUG - Received POST request to chat_message
2025-03-30 22:32:55,762 - chatbot_debug - DEBUG - Successfully parsed JSON data: {'message': "I'm looking for a good comedy"}
2025-03-30 22:32:55,762 - chatbot_debug - DEBUG - Processing user message: 'I'm looking for a good comedy'
2025-03-30 22:32:55,774 - chatbot_debug - DEBUG - Saved user message to database
2025-03-30 22:32:55,774 - chatbot_debug - DEBUG - Extracted genres: ['comedy']
2025-03-30 22:32:55,774 - chatbot_debug - DEBUG - Detected intents: ['recommendation', 'genre', 'rating']
2025-03-30 22:32:55,774 - chatbot_debug - DEBUG - Total shows in database: 165
2025-03-30 22:32:55,776 - chatbot_debug - DEBUG - Shows found: ['The Best of Rooster Teeth Animated Adventures', 'Chuck Billy and The Marvelous Guava Tree', 'Memoir of a Snail']
2025-03-30 22:32:55,776 - chatbot_debug - DEBUG - Generated response: {'message': "Based on what you've told me, here are some movies you might enjoy:\nI found these comedy shows for you: The Best of Rooster Teeth Animated Adventures, Chuck Billy and The Marvelous Guava Tree, Memoir of a Snail", 'requires_recommendation': True}
2025-03-30 22:32:55,787 - chatbot_debug - DEBUG - Saved bot response to database
2025-03-30 22:32:55,787 - chatbot_debug - DEBUG - Prepared JSON response with 3 recommendations
2025-03-30 22:33:01,948 - chatbot_debug - DEBUG - Received POST request to chat_message
2025-03-30 22:33:01,949 - chatbot_debug - DEBUG - Successfully parsed JSON data: {'message': 'hi'}
2025-03-30 22:33:01,949 - chatbot_debug - DEBUG - Processing user message: 'hi'
2025-03-30 22:33:01,960 - chatbot_debug - DEBUG - Saved user message to database
2025-03-30 22:33:01,960 - chatbot_debug - DEBUG - Extracted genres: []
2025-03-30 22:33:01,961 - chatbot_debug - DEBUG - Detected intents: ['greeting']
2025-03-30 22:33:01,961 - chatbot_debug - DEBUG - Total shows in database: 165
2025-03-30 22:33:01,962 - chatbot_debug - DEBUG - Using default shows, found 3
2025-03-30 22:33:01,962 - chatbot_debug - DEBUG - Shows found: ['Fantasy', 'The Best of Rooster Teeth Animated Adventures', 'The Shawshank Redemption']
2025-03-30 22:33:01,963 - chatbot_debug - DEBUG - Generated response: {'message': 'Welcome! What kind of movies do you enjoy watching?', 'requires_recommendation': False}
2025-03-30 22:33:01,973 - chatbot_debug - DEBUG - Saved bot response to database
2025-03-30 22:33:01,973 - chatbot_debug - DEBUG - Prepared JSON response with 0 recommendations
2025-03-30 22:33:06,747 - chatbot_debug - DEBUG - Received POST request to chat_message
2025-03-30 22:33:06,748 - chatbot_debug - DEBUG - Successfully parsed JSON data: {'message': 'Romance'}
2025-03-30 22:33:06,748 - chatbot_debug - DEBUG - Processing user message: 'Romance'
2025-03-30 22:33:06,760 - chatbot_debug - DEBUG - Saved user message to database
2025-03-30 22:33:06,760 - chatbot_debug - DEBUG - Extracted genres: ['romance']
2025-03-30 22:33:06,760 - chatbot_debug - DEBUG - Detected intents: ['genre']
2025-03-30 22:33:06,761 - chatbot_debug - DEBUG - Total shows in database: 165
2025-03-30 22:33:06,762 - chatbot_debug - DEBUG - Shows found: ['The Glassworker', 'La La Land', 'My Fault']
2025-03-30 22:33:06,762 - chatbot_debug - DEBUG - Generated response: {'message': "Based on what you've told me, here are some movies you might enjoy:\nI found these romance shows for you: The Glassworker, La La Land, My Fault", 'requires_recommendation': True}
2025-03-30 22:33:06,774 - chatbot_debug - DEBUG - Saved bot response to database
2025-03-30 22:33:06,774 - chatbot_debug - DEBUG - Prepared JSON response with 3 recommendations
2025-03-30 22:35:19,396 - chatbot_debug - DEBUG - Received POST request to chat_message
2025-03-30 22:35:19,396 - chatbot_debug - DEBUG - Successfully parsed JSON data: {'message': 'hello'}
2025-03-30 22:35:19,396 - chatbot_debug - DEBUG - Processing user message: 'hello'
2025-03-30 22:35:19,408 - chatbot_debug - DEBUG - Saved user message to database
2025-03-30 22:35:19,408 - chatbot_debug - DEBUG - Extracted genres: []
2025-03-30 22:35:19,408 - chatbot_debug - DEBUG - Detected intents: ['greeting']
2025-03-30 22:35:19,408 - chatbot_debug - DEBUG - Total shows in database: 165
2025-03-30 22:35:19,411 - chatbot_debug - DEBUG - Using default shows, found 3
2025-03-30 22:35:19,411 - chatbot_debug - DEBUG - Shows found: ['Fantasy', 'The Best of Rooster Teeth Animated Adventures', 'The Shawshank Redemption']
2025-03-30 22:35:19,411 - chatbot_debug - DEBUG - Generated response: {'message': 'Welcome! What kind of movies do you enjoy watching?', 'requires_recommendation': False}
2025-03-30 22:35:19,421 - chatbot_debug - DEBUG - Saved bot response to database
2025-03-30 22:35:19,421 - chatbot_debug - DEBUG - Prepared JSON response with 0 recommendations
2025-03-30 22:35:23,629 - chatbot_debug - DEBUG - Received POST request to chat_message
2025-03-30 22:35:23,629 - chatbot_debug - DEBUG - Successfully parsed JSON data: {'message': 'action'}
2025-03-30 22:35:23,629 - chatbot_debug - DEBUG - Processing user message: 'action'
2025-03-30 22:35:23,641 - chatbot_debug - DEBUG - Saved user message to database
2025-03-30 22:35:23,641 - chatbot_debug - DEBUG - Extracted genres: ['action']
2025-03-30 22:35:23,641 - chatbot_debug - DEBUG - Detected intents: ['genre']
2025-03-30 22:35:23,641 - chatbot_debug - DEBUG - Total shows in database: 165
2025-03-30 22:35:23,644 - chatbot_debug - DEBUG - Shows found: ['Counterattack', 'The Codes of War', 'El Infierno']
2025-03-30 22:35:23,644 - chatbot_debug - DEBUG - Generated response: {'message': 'Here are some recommendations that match your interests:\nI found these action shows for you: Counterattack, The Codes of War, El Infierno', 'requires_recommendation': True}
2025-03-30 22:35:23,654 - chatbot_debug - DEBUG - Saved bot response to database
2025-03-30 22:35:23,654 - chatbot_debug - DEBUG - Prepared JSON response with 3 recommendations
2025-03-30 23:16:57,366 - chatbot_debug - DEBUG - Received POST request to chat_message
2025-03-30 23:16:57,367 - chatbot_debug - DEBUG - Successfully parsed JSON data: {'message': 'Show me some romantic comedies'}
2025-03-30 23:16:57,367 - chatbot_debug - DEBUG - Processing user message: 'Show me some romantic comedies'
2025-03-30 23:16:57,382 - chatbot_debug - DEBUG - Saved user message to database
2025-03-30 23:16:57,382 - chatbot_debug - DEBUG - Extracted genres: []
2025-03-30 23:16:57,382 - chatbot_debug - DEBUG - Detected intents: ['recommendation']
2025-03-30 23:16:57,384 - chatbot_debug - DEBUG - Total shows in database: 165
2025-03-30 23:16:57,386 - chatbot_debug - DEBUG - Using default shows, found 3
2025-03-30 23:16:57,386 - chatbot_debug - DEBUG - Shows found: ['Fantasy', 'The Best of Rooster Teeth Animated Adventures', 'The Shawshank Redemption']
2025-03-30 23:16:57,386 - chatbot_debug - DEBUG - Generated response: {'message': 'Here are some recommendations that match your interests:\nHere are some shows you might enjoy: Fantasy, The Best of Rooster Teeth Animated Adventures, The Shawshank Redemption', 'requires_recommendation': True}
2025-03-30 23:16:57,398 - chatbot_debug - DEBUG - Saved bot response to database
2025-03-30 23:16:57,398 - chatbot_debug - DEBUG - Prepared JSON response with 3 recommendations
2025-04-06 21:12:11,470 - django.request - WARNING - Not Found: /favicon.ico
2025-04-06 21:12:11,636 - django.utils.autoreload - INFO - D:\CS2340\MovieChatBot\chatbot\views.py changed, reloading.
2025-04-06 21:12:13,896 - chatbot_debug - DEBUG - Received POST request to chat_message
2025-04-06 21:12:13,897 - chatbot_debug - DEBUG - Successfully parsed JSON data: {'message': 'action'}
2025-04-06 21:12:13,897 - chatbot_debug - DEBUG - Processing user message: 'action'
2025-04-06 21:12:13,914 - chatbot_debug - DEBUG - Saved user message to database
2025-04-06 21:12:13,915 - chatbot_debug - DEBUG - Extracted genres: ['action']
2025-04-06 21:12:13,915 - chatbot_debug - DEBUG - Detected intents: ['genre']
2025-04-06 21:12:13,915 - chatbot_debug - DEBUG - Total shows in database: 165
2025-04-06 21:12:13,917 - chatbot_debug - DEBUG - Shows found: ['Counterattack', 'The Codes of War', 'El Infierno']
2025-04-06 21:12:13,917 - chatbot_debug - DEBUG - Generated response: {'message': "Check out these movies that fit what you're looking for:\nI found these action shows for you: Counterattack, The Codes of War, El Infierno", 'requires_recommendation': True}
2025-04-06 21:12:13,927 - chatbot_debug - DEBUG - Saved bot response to database
2025-04-06 21:12:13,927 - chatbot_debug - DEBUG - Prepared JSON response with 3 recommendations
2025-04-06 21:12:21,613 - chatbot_debug - DEBUG - Received POST request to chat_message
2025-04-06 21:12:21,613 - chatbot_debug - DEBUG - Successfully parsed JSON data: {'message': 'adventure'}
2025-04-06 21:12:21,613 - chatbot_debug - DEBUG - Processing user message: 'adventure'
2025-04-06 21:12:21,626 - chatbot_debug - DEBUG - Saved user message to database
2025-04-06 21:12:21,626 - chatbot_debug - DEBUG - Extracted genres: ['adventure']
2025-04-06 21:12:21,626 - chatbot_debug - DEBUG - Detected intents: ['genre']
2025-04-06 21:12:21,626 - chatbot_debug - DEBUG - Total shows in database: 165
2025-04-06 21:12:21,627 - chatbot_debug - DEBUG - Shows found: ['Counterattack', 'Flow', 'Coco']
2025-04-06 21:12:21,627 - chatbot_debug - DEBUG - Generated response: {'message': "Check out these movies that fit what you're looking for:\nI found these adventure shows for you: Counterattack, Flow, Coco", 'requires_recommendation': True}
2025-04-06 21:12:21,638 - chatbot_debug - DEBUG - Saved bot response to database
2025-04-06 21:12:21,638 - chatbot_debug - DEBUG - Prepared JSON response with 3 recommendations
2025-04-06 21:20:18,477 - chatbot_debug - DEBUG - Received POST request to chat_message
2025-04-06 21:20:18,477 - chatbot_debug - DEBUG - Successfully parsed JSON data: {'message': 'animation'}
2025-04-06 21:20:18,477 - chatbot_debug - DEBUG - Processing user message: 'animation'
2025-04-06 21:20:18,489 - chatbot_debug - DEBUG - Saved user message to database
2025-04-06 21:20:18,489 - chatbot_debug - DEBUG - Extracted genres: ['animation']
2025-04-06 21:20:18,489 - chatbot_debug - DEBUG - Detected intents: ['genre']
2025-04-06 21:20:18,490 - chatbot_debug - DEBUG - Total shows in database: 165
2025-04-06 21:20:18,491 - chatbot_debug - DEBUG - Shows found: ['Fantasy', 'The Best of Rooster Teeth Animated Adventures', 'The Wild Robot']
2025-04-06 21:20:18,491 - chatbot_debug - DEBUG - Generated response: {'message': "Based on what you've told me, here are some movies you might enjoy:\nI found these animation shows for you: Fantasy, The Best of Rooster Teeth Animated Adventures, The Wild Robot", 'requires_recommendation': True}
2025-04-06 21:20:18,502 - chatbot_debug - DEBUG - Saved bot response to database
2025-04-06 21:20:18,502 - chatbot_debug - DEBUG - Prepared JSON response with 3 recommendations
2025-04-06 21:22:44,597 - chatbot_debug - DEBUG - Received POST request to chat_message
2025-04-06 21:22:44,597 - chatbot_debug - DEBUG - Successfully parsed JSON data: {'message': 'coco'}
2025-04-06 21:22:44,597 - chatbot_debug - DEBUG - Processing user message: 'coco'
2025-04-06 21:22:44,610 - chatbot_debug - DEBUG - Saved user message to database
2025-04-06 21:22:44,610 - chatbot_debug - DEBUG - Extracted genres: []
2025-04-06 21:22:44,610 - chatbot_debug - DEBUG - Detected intents: []
2025-04-06 21:22:44,610 - chatbot_debug - DEBUG - Total shows in database: 165
2025-04-06 21:22:44,611 - chatbot_debug - DEBUG - Using default shows, found 3
2025-04-06 21:22:44,612 - chatbot_debug - DEBUG - Shows found: ['Fantasy', 'The Best of Rooster Teeth Animated Adventures', 'The Shawshank Redemption']
2025-04-06 21:22:44,612 - chatbot_debug - DEBUG - Generated response: {'message': "Check out these movies that fit what you're looking for:\nHere are some shows you might enjoy: Fantasy, The Best of Rooster Teeth Animated Adventures, The Shawshank Redemption", 'requires_recommendation': True}
2025-04-06 21:22:44,622 - chatbot_debug - DEBUG - Saved bot response to database
2025-04-06 21:22:44,622 - chatbot_debug - DEBUG - Prepared JSON response with 3 recommendations
2025-04-06 21:22:50,333 - chatbot_debug - DEBUG - Received POST request to chat_message
2025-04-06 21:22:50,333 - chatbot_debug - DEBUG - Successfully parsed JSON data: {'message': 'action'}
2025-04-06 21:22:50,333 - chatbot_debug - DEBUG - Processing user message: 'action'
2025-04-06 21:22:50,346 - chatbot_debug - DEBUG - Saved user message to database
2025-04-06 21:22:50,346 - chatbot_debug - DEBUG - Extracted genres: ['action']
2025-04-06 21:22:50,346 - chatbot_debug - DEBUG - Detected intents: ['genre']
2025-04-06 21:22:50,347 - chatbot_debug - DEBUG - Total shows in database: 165
2025-04-06 21:22:50,349 - chatbot_debug - DEBUG - Shows found: ['Counterattack', 'The Codes of War', 'El Infierno']
2025-04-06 21:22:50,349 - chatbot_debug - DEBUG - Generated response: {'message': 'Here are some recommendations that match your interests:\nI found these action shows for you: Counterattack, The Codes of War, El Infierno', 'requires_recommendation': True}
2025-04-06 21:22:50,359 - chatbot_debug - DEBUG - Saved bot response to database
2025-04-06 21:22:50,359 - chatbot_debug - DEBUG - Prepared JSON response with 3 recommendations
2025-04-06 21:22:53,366 - chatbot_debug - DEBUG - Received POST request to chat_message
2025-04-06 21:22:53,366 - chatbot_debug - DEBUG - Successfully parsed JSON data: {'message': 'drama'}
2025-04-06 21:22:53,366 - chatbot_debug - DEBUG - Processing user message: 'drama'
2025-04-06 21:22:53,378 - chatbot_debug - DEBUG - Saved user message to database
2025-04-06 21:22:53,378 - chatbot_debug - DEBUG - Extracted genres: ['drama']
2025-04-06 21:22:53,378 - chatbot_debug - DEBUG - Detected intents: ['genre']
2025-04-06 21:22:53,379 - chatbot_debug - DEBUG - Total shows in database: 165
2025-04-06 21:22:53,380 - chatbot_debug - DEBUG - Shows found: ['The Shawshank Redemption', "Schindler's List", 'Whiplash']
2025-04-06 21:22:53,380 - chatbot_debug - DEBUG - Generated response: {'message': "I think you'd really like these movies:\nI found these drama shows for you: The Shawshank Redemption, Schindler's List, Whiplash", 'requires_recommendation': True}
2025-04-06 21:22:53,391 - chatbot_debug - DEBUG - Saved bot response to database
2025-04-06 21:22:53,391 - chatbot_debug - DEBUG - Prepared JSON response with 3 recommendations
2025-04-06 21:22:55,542 - chatbot_debug - DEBUG - Received POST request to chat_message
2025-04-06 21:22:55,542 - chatbot_debug - DEBUG - Successfully parsed JSON data: {'message': 'crime'}
2025-04-06 21:22:55,542 - chatbot_debug - DEBUG - Processing user message: 'crime'
2025-04-06 21:22:55,554 - chatbot_debug - DEBUG - Saved user message to database
2025-04-06 21:22:55,555 - chatbot_debug - DEBUG - Extracted genres: ['crime']
2025-04-06 21:22:55,555 - chatbot_debug - DEBUG - Detected intents: ['genre']
2025-04-06 21:22:55,555 - chatbot_debug - DEBUG - Total shows in database: 165
2025-04-06 21:22:55,557 - chatbot_debug - DEBUG - Shows found: ['The Shawshank Redemption', 'Con Mum', 'Death Note Relight 1: Visions of a God']
2025-04-06 21:22:55,557 - chatbot_debug - DEBUG - Generated response: {'message': 'Here are some recommendations that match your interests:\nI found these crime shows for you: The Shawshank Redemption, Con Mum, Death Note Relight 1: Visions of a God', 'requires_recommendation': True}
2025-04-06 21:22:55,568 - chatbot_debug - DEBUG - Saved bot response to database
2025-04-06 21:22:55,568 - chatbot_debug - DEBUG - Prepared JSON response with 3 recommendations
2025-04-06 21:23:01,583 - chatbot_debug - DEBUG - Received POST request to chat_message
2025-04-06 21:23:01,583 - chatbot_debug - DEBUG - Successfully parsed JSON data: {'message': 'document'}
2025-04-06 21:23:01,583 - chatbot_debug - DEBUG - Processing user message: 'document'
2025-04-06 21:23:01,596 - chatbot_debug - DEBUG - Saved user message to database
2025-04-06 21:23:01,596 - chatbot_debug - DEBUG - Extracted genres: ['documentary']
2025-04-06 21:23:01,596 - chatbot_debug - DEBUG - Detected intents: []
2025-04-06 21:23:01,596 - chatbot_debug - DEBUG - Total shows in database: 165
2025-04-06 21:23:01,598 - chatbot_debug - DEBUG - Shows found: ['Squid Game: Making Season 2', 'Con Mum', 'Making Squid Game: The Challenge']
2025-04-06 21:23:01,598 - chatbot_debug - DEBUG - Generated response: {'message': "Based on what you've told me, here are some movies you might enjoy:\nI found these documentary shows for you: Squid Game: Making Season 2, Con Mum, Making Squid Game: The Challenge", 'requires_recommendation': True}
2025-04-06 21:23:01,609 - chatbot_debug - DEBUG - Saved bot response to database
2025-04-06 21:23:01,609 - chatbot_debug - DEBUG - Prepared JSON response with 3 recommendations
2025-04-06 21:23:11,663 - chatbot_debug - DEBUG - Received POST request to chat_message
2025-04-06 21:23:11,663 - chatbot_debug - DEBUG - Successfully parsed JSON data: {'message': 'k-drama'}
2025-04-06 21:23:11,663 - chatbot_debug - DEBUG - Processing user message: 'k-drama'
2025-04-06 21:23:11,674 - chatbot_debug - DEBUG - Saved user message to database
2025-04-06 21:23:11,674 - chatbot_debug - DEBUG - Extracted genres: ['drama']
2025-04-06 21:23:11,675 - chatbot_debug - DEBUG - Detected intents: ['genre']
2025-04-06 21:23:11,675 - chatbot_debug - DEBUG - Total shows in database: 165
2025-04-06 21:23:11,676 - chatbot_debug - DEBUG - Shows found: ['The Shawshank Redemption', "Schindler's List", 'Whiplash']
2025-04-06 21:23:11,676 - chatbot_debug - DEBUG - Generated response: {'message': "Check out these movies that fit what you're looking for:\nI found these drama shows for you: The Shawshank Redemption, Schindler's List, Whiplash", 'requires_recommendation': True}
2025-04-06 21:23:11,687 - chatbot_debug - DEBUG - Saved bot response to database
2025-04-06 21:23:11,687 - chatbot_debug - DEBUG - Prepared JSON response with 3 recommendations
2025-04-06 21:23:18,167 - chatbot_debug - DEBUG - Received POST request to chat_message
2025-04-06 21:23:18,167 - chatbot_debug - DEBUG - Successfully parsed JSON data: {'message': 'music'}
2025-04-06 21:23:18,167 - chatbot_debug - DEBUG - Processing user message: 'music'
2025-04-06 21:23:18,180 - chatbot_debug - DEBUG - Saved user message to database
2025-04-06 21:23:18,180 - chatbot_debug - DEBUG - Extracted genres: ['music']
2025-04-06 21:23:18,180 - chatbot_debug - DEBUG - Detected intents: ['genre']
2025-04-06 21:23:18,180 - chatbot_debug - DEBUG - Total shows in database: 165
2025-04-06 21:23:18,183 - chatbot_debug - DEBUG - Shows found: ['Fantasy', 'Whiplash', 'Coco']
2025-04-06 21:23:18,183 - chatbot_debug - DEBUG - Generated response: {'message': "Based on what you've told me, here are some movies you might enjoy:\nI found these music shows for you: Fantasy, Whiplash, Coco", 'requires_recommendation': True}
2025-04-06 21:23:18,194 - chatbot_debug - DEBUG - Saved bot response to database
2025-04-06 21:23:18,194 - chatbot_debug - DEBUG - Prepared JSON response with 3 recommendations
2025-04-06 21:23:25,769 - chatbot_debug - DEBUG - Received POST request to chat_message
2025-04-06 21:23:25,769 - chatbot_debug - DEBUG - Successfully parsed JSON data: {'message': 'more'}
2025-04-06 21:23:25,769 - chatbot_debug - DEBUG - Processing user message: 'more'
2025-04-06 21:23:25,781 - chatbot_debug - DEBUG - Saved user message to database
2025-04-06 21:23:25,781 - chatbot_debug - DEBUG - Extracted genres: []
2025-04-06 21:23:25,781 - chatbot_debug - DEBUG - Detected intents: []
2025-04-06 21:23:25,782 - chatbot_debug - DEBUG - Total shows in database: 165
2025-04-06 21:23:25,783 - chatbot_debug - DEBUG - Using default shows, found 3
2025-04-06 21:23:25,783 - chatbot_debug - DEBUG - Shows found: ['Fantasy', 'The Best of Rooster Teeth Animated Adventures', 'The Shawshank Redemption']
2025-04-06 21:23:25,783 - chatbot_debug - DEBUG - Generated response: {'message': "Check out these movies that fit what you're looking for:\nHere are some shows you might enjoy: Fantasy, The Best of Rooster Teeth Animated Adventures, The Shawshank Redemption", 'requires_recommendation': True}
2025-04-06 21:23:25,794 - chatbot_debug - DEBUG - Saved bot response to database
2025-04-06 21:23:25,794 - chatbot_debug - DEBUG - Prepared JSON response with 3 recommendations
2025-04-06 21:23:26,593 - chatbot_debug - DEBUG - Received POST request to chat_message
2025-04-06 21:23:26,594 - chatbot_debug - DEBUG - Successfully parsed JSON data: {'message': 'ad'}
2025-04-06 21:23:26,594 - chatbot_debug - DEBUG - Processing user message: 'ad'
2025-04-06 21:23:26,606 - chatbot_debug - DEBUG - Saved user message to database
2025-04-06 21:23:26,607 - chatbot_debug - DEBUG - Extracted genres: []
2025-04-06 21:23:26,607 - chatbot_debug - DEBUG - Detected intents: []
2025-04-06 21:23:26,607 - chatbot_debug - DEBUG - Total shows in database: 165
2025-04-06 21:23:26,608 - chatbot_debug - DEBUG - Using default shows, found 3
2025-04-06 21:23:26,608 - chatbot_debug - DEBUG - Shows found: ['Fantasy', 'The Best of Rooster Teeth Animated Adventures', 'The Shawshank Redemption']
2025-04-06 21:23:26,608 - chatbot_debug - DEBUG - Generated response: {'message': "Based on what you've told me, here are some movies you might enjoy:\nHere are some shows you might enjoy: Fantasy, The Best of Rooster Teeth Animated Adventures, The Shawshank Redemption", 'requires_recommendation': True}
2025-04-06 21:23:26,620 - chatbot_debug - DEBUG - Saved bot response to database
2025-04-06 21:23:26,620 - chatbot_debug - DEBUG - Prepared JSON response with 3 recommendations
2025-04-06 21:23:26,865 - chatbot_debug - DEBUG - Received POST request to chat_message
2025-04-06 21:23:26,866 - chatbot_debug - DEBUG - Successfully parsed JSON data: {'message': 's'}
2025-04-06 21:23:26,866 - chatbot_debug - DEBUG - Processing user message: 's'
2025-04-06 21:23:26,879 - chatbot_debug - DEBUG - Saved user message to database
2025-04-06 21:23:26,879 - chatbot_debug - DEBUG - Extracted genres: []
2025-04-06 21:23:26,879 - chatbot_debug - DEBUG - Detected intents: []
2025-04-06 21:23:26,879 - chatbot_debug - DEBUG - Total shows in database: 165
2025-04-06 21:23:26,881 - chatbot_debug - DEBUG - Using default shows, found 3
2025-04-06 21:23:26,881 - chatbot_debug - DEBUG - Shows found: ['Fantasy', 'The Best of Rooster Teeth Animated Adventures', 'The Shawshank Redemption']
2025-04-06 21:23:26,881 - chatbot_debug - DEBUG - Generated response: {'message': 'Here are some recommendations that match your interests:\nHere are some shows you might enjoy: Fantasy, The Best of Rooster Teeth Animated Adventures, The Shawshank Redemption', 'requires_recommendation': True}
2025-04-06 21:23:26,891 - chatbot_debug - DEBUG - Saved bot response to database
2025-04-06 21:23:26,891 - chatbot_debug - DEBUG - Prepared JSON response with 3 recommendations
2025-04-06 21:23:27,074 - chatbot_debug - DEBUG - Received POST request to chat_message
2025-04-06 21:23:27,075 - chatbot_debug - DEBUG - Successfully parsed JSON data: {'message': 'a'}
2025-04-06 21:23:27,075 - chatbot_debug - DEBUG - Processing user message: 'a'
2025-04-06 21:23:27,087 - chatbot_debug - DEBUG - Saved user message to database
2025-04-06 21:23:27,087 - chatbot_debug - DEBUG - Extracted genres: []
2025-04-06 21:23:27,087 - chatbot_debug - DEBUG - Detected intents: []
2025-04-06 21:23:27,088 - chatbot_debug - DEBUG - Total shows in database: 165
2025-04-06 21:23:27,088 - chatbot_debug - DEBUG - Using default shows, found 3
2025-04-06 21:23:27,088 - chatbot_debug - DEBUG - Shows found: ['Fantasy', 'The Best of Rooster Teeth Animated Adventures', 'The Shawshank Redemption']
2025-04-06 21:23:27,089 - chatbot_debug - DEBUG - Generated response: {'message': "I think you'd really like these movies:\nHere are some shows you might enjoy: Fantasy, The Best of Rooster Teeth Animated Adventures, The Shawshank Redemption", 'requires_recommendation': True}
2025-04-06 21:23:27,099 - chatbot_debug - DEBUG - Saved bot response to database
2025-04-06 21:23:27,099 - chatbot_debug - DEBUG - Prepared JSON response with 3 recommendations
2025-04-06 21:23:27,265 - chatbot_debug - DEBUG - Received POST request to chat_message
2025-04-06 21:23:27,265 - chatbot_debug - DEBUG - Successfully parsed JSON data: {'message': 'a'}
2025-04-06 21:23:27,265 - chatbot_debug - DEBUG - Processing user message: 'a'
2025-04-06 21:23:27,278 - chatbot_debug - DEBUG - Saved user message to database
2025-04-06 21:23:27,278 - chatbot_debug - DEBUG - Extracted genres: []
2025-04-06 21:23:27,278 - chatbot_debug - DEBUG - Detected intents: []
2025-04-06 21:23:27,279 - chatbot_debug - DEBUG - Total shows in database: 165
2025-04-06 21:23:27,279 - chatbot_debug - DEBUG - Using default shows, found 3
2025-04-06 21:23:27,280 - chatbot_debug - DEBUG - Shows found: ['Fantasy', 'The Best of Rooster Teeth Animated Adventures', 'The Shawshank Redemption']
2025-04-06 21:23:27,280 - chatbot_debug - DEBUG - Generated response: {'message': "Check out these movies that fit what you're looking for:\nHere are some shows you might enjoy: Fantasy, The Best of Rooster Teeth Animated Adventures, The Shawshank Redemption", 'requires_recommendation': True}
2025-04-06 21:23:27,290 - chatbot_debug - DEBUG - Saved bot response to database
2025-04-06 21:23:27,290 - chatbot_debug - DEBUG - Prepared JSON response with 3 recommendations
2025-04-06 21:23:27,401 - chatbot_debug - DEBUG - Received POST request to chat_message
2025-04-06 21:23:27,401 - chatbot_debug - DEBUG - Successfully parsed JSON data: {'message': 'a'}
2025-04-06 21:23:27,401 - chatbot_debug - DEBUG - Processing user message: 'a'
2025-04-06 21:23:27,413 - chatbot_debug - DEBUG - Saved user message to database
2025-04-06 21:23:27,414 - chatbot_debug - DEBUG - Extracted genres: []
2025-04-06 21:23:27,414 - chatbot_debug - DEBUG - Detected intents: []
2025-04-06 21:23:27,414 - chatbot_debug - DEBUG - Total shows in database: 165
2025-04-06 21:23:27,415 - chatbot_debug - DEBUG - Using default shows, found 3
2025-04-06 21:23:27,415 - chatbot_debug - DEBUG - Shows found: ['Fantasy', 'The Best of Rooster Teeth Animated Adventures', 'The Shawshank Redemption']
2025-04-06 21:23:27,415 - chatbot_debug - DEBUG - Generated response: {'message': "Check out these movies that fit what you're looking for:\nHere are some shows you might enjoy: Fantasy, The Best of Rooster Teeth Animated Adventures, The Shawshank Redemption", 'requires_recommendation': True}
2025-04-06 21:23:27,426 - chatbot_debug - DEBUG - Saved bot response to database
2025-04-06 21:23:27,426 - chatbot_debug - DEBUG - Prepared JSON response with 3 recommendations
2025-04-06 21:23:27,682 - chatbot_debug - DEBUG - Received POST request to chat_message
2025-04-06 21:23:27,682 - chatbot_debug - DEBUG - Successfully parsed JSON data: {'message': 's'}
2025-04-06 21:23:27,683 - chatbot_debug - DEBUG - Processing user message: 's'
2025-04-06 21:23:27,695 - chatbot_debug - DEBUG - Saved user message to database
2025-04-06 21:23:27,695 - chatbot_debug - DEBUG - Extracted genres: []
2025-04-06 21:23:27,696 - chatbot_debug - DEBUG - Detected intents: []
2025-04-06 21:23:27,696 - chatbot_debug - DEBUG - Total shows in database: 165
2025-04-06 21:23:27,698 - chatbot_debug - DEBUG - Using default shows, found 3
2025-04-06 21:23:27,698 - chatbot_debug - DEBUG - Shows found: ['Fantasy', 'The Best of Rooster Teeth Animated Adventures', 'The Shawshank Redemption']
2025-04-06 21:23:27,698 - chatbot_debug - DEBUG - Generated response: {'message': "Based on what you've told me, here are some movies you might enjoy:\nHere are some shows you might enjoy: Fantasy, The Best of Rooster Teeth Animated Adventures, The Shawshank Redemption", 'requires_recommendation': True}
2025-04-06 21:23:27,708 - chatbot_debug - DEBUG - Saved bot response to database
2025-04-06 21:23:27,708 - chatbot_debug - DEBUG - Prepared JSON response with 3 recommendations
2025-04-06 21:23:28,363 - chatbot_debug - DEBUG - Received POST request to chat_message
2025-04-06 21:23:28,363 - chatbot_debug - DEBUG - Successfully parsed JSON data: {'message': 'dasda'}
2025-04-06 21:23:28,363 - chatbot_debug - DEBUG - Processing user message: 'dasda'
2025-04-06 21:23:28,376 - chatbot_debug - DEBUG - Saved user message to database
2025-04-06 21:23:28,376 - chatbot_debug - DEBUG - Extracted genres: []
2025-04-06 21:23:28,377 - chatbot_debug - DEBUG - Detected intents: []
2025-04-06 21:23:28,377 - chatbot_debug - DEBUG - Total shows in database: 165
2025-04-06 21:23:28,378 - chatbot_debug - DEBUG - Using default shows, found 3
2025-04-06 21:23:28,378 - chatbot_debug - DEBUG - Shows found: ['Fantasy', 'The Best of Rooster Teeth Animated Adventures', 'The Shawshank Redemption']
2025-04-06 21:23:28,378 - chatbot_debug - DEBUG - Generated response: {'message': "Check out these movies that fit what you're looking for:\nHere are some shows you might enjoy: Fantasy, The Best of Rooster Teeth Animated Adventures, The Shawshank Redemption", 'requires_recommendation': True}
2025-04-06 21:23:28,389 - chatbot_debug - DEBUG - Saved bot response to database
2025-04-06 21:23:28,389 - chatbot_debug - DEBUG - Prepared JSON response with 3 recommendations
2025-04-06 21:23:28,963 - chatbot_debug - DEBUG - Received POST request to chat_message
2025-04-06 21:23:28,963 - chatbot_debug - DEBUG - Successfully parsed JSON data: {'message': 'asd'}
2025-04-06 21:23:28,963 - chatbot_debug - DEBUG - Processing user message: 'asd'
2025-04-06 21:23:28,976 - chatbot_debug - DEBUG - Saved user message to database
2025-04-06 21:23:28,976 - chatbot_debug - DEBUG - Extracted genres: []
2025-04-06 21:23:28,976 - chatbot_debug - DEBUG - Detected intents: []
2025-04-06 21:23:28,977 - chatbot_debug - DEBUG - Total shows in database: 165
2025-04-06 21:23:28,978 - chatbot_debug - DEBUG - Using default shows, found 3
2025-04-06 21:23:28,978 - chatbot_debug - DEBUG - Shows found: ['Fantasy', 'The Best of Rooster Teeth Animated Adventures', 'The Shawshank Redemption']
2025-04-06 21:23:28,978 - chatbot_debug - DEBUG - Generated response: {'message': "Based on what you've told me, here are some movies you might enjoy:\nHere are some shows you might enjoy: Fantasy, The Best of Rooster Teeth Animated Adventures, The Shawshank Redemption", 'requires_recommendation': True}
2025-04-06 21:23:28,988 - chatbot_debug - DEBUG - Saved bot response to database
2025-04-06 21:23:28,988 - chatbot_debug - DEBUG - Prepared JSON response with 3 recommendations
2025-04-06 21:23:29,363 - chatbot_debug - DEBUG - Received POST request to chat_message
2025-04-06 21:23:29,363 - chatbot_debug - DEBUG - Successfully parsed JSON data: {'message': 'as'}
2025-04-06 21:23:29,363 - chatbot_debug - DEBUG - Processing user message: 'as'
2025-04-06 21:23:29,376 - chatbot_debug - DEBUG - Saved user message to database
2025-04-06 21:23:29,376 - chatbot_debug - DEBUG - Extracted genres: []
2025-04-06 21:23:29,376 - chatbot_debug - DEBUG - Detected intents: []
2025-04-06 21:23:29,376 - chatbot_debug - DEBUG - Total shows in database: 165
2025-04-06 21:23:29,378 - chatbot_debug - DEBUG - Using default shows, found 3
2025-04-06 21:23:29,378 - chatbot_debug - DEBUG - Shows found: ['Fantasy', 'The Best of Rooster Teeth Animated Adventures', 'The Shawshank Redemption']
2025-04-06 21:23:29,378 - chatbot_debug - DEBUG - Generated response: {'message': "I think you'd really like these movies:\nHere are some shows you might enjoy: Fantasy, The Best of Rooster Teeth Animated Adventures, The Shawshank Redemption", 'requires_recommendation': True}
2025-04-06 21:23:29,388 - chatbot_debug - DEBUG - Saved bot response to database
2025-04-06 21:23:29,388 - chatbot_debug - DEBUG - Prepared JSON response with 3 recommendations
2025-04-06 21:23:29,736 - chatbot_debug - DEBUG - Received POST request to chat_message
2025-04-06 21:23:29,736 - chatbot_debug - DEBUG - Successfully parsed JSON data: {'message': 'das'}
2025-04-06 21:23:29,736 - chatbot_debug - DEBUG - Processing user message: 'das'
2025-04-06 21:23:29,748 - chatbot_debug - DEBUG - Saved user message to database
2025-04-06 21:23:29,749 - chatbot_debug - DEBUG - Extracted genres: []
2025-04-06 21:23:29,749 - chatbot_debug - DEBUG - Detected intents: []
2025-04-06 21:23:29,749 - chatbot_debug - DEBUG - Total shows in database: 165
2025-04-06 21:23:29,750 - chatbot_debug - DEBUG - Using default shows, found 3
2025-04-06 21:23:29,751 - chatbot_debug - DEBUG - Shows found: ['Fantasy', 'The Best of Rooster Teeth Animated Adventures', 'The Shawshank Redemption']
2025-04-06 21:23:29,751 - chatbot_debug - DEBUG - Generated response: {'message': "Check out these movies that fit what you're looking for:\nHere are some shows you might enjoy: Fantasy, The Best of Rooster Teeth Animated Adventures, The Shawshank Redemption", 'requires_recommendation': True}
2025-04-06 21:23:29,761 - chatbot_debug - DEBUG - Saved bot response to database
2025-04-06 21:23:29,761 - chatbot_debug - DEBUG - Prepared JSON response with 3 recommendations
2025-04-06 21:23:30,045 - chatbot_debug - DEBUG - Received POST request to chat_message
2025-04-06 21:23:30,045 - chatbot_debug - DEBUG - Successfully parsed JSON data: {'message': 'da'}
2025-04-06 21:23:30,045 - chatbot_debug - DEBUG - Processing user message: 'da'
2025-04-06 21:23:30,058 - chatbot_debug - DEBUG - Saved user message to database
2025-04-06 21:23:30,058 - chatbot_debug - DEBUG - Extracted genres: []
2025-04-06 21:23:30,058 - chatbot_debug - DEBUG - Detected intents: []
2025-04-06 21:23:30,059 - chatbot_debug - DEBUG - Total shows in database: 165
2025-04-06 21:23:30,060 - chatbot_debug - DEBUG - Using default shows, found 3
2025-04-06 21:23:30,060 - chatbot_debug - DEBUG - Shows found: ['Fantasy', 'The Best of Rooster Teeth Animated Adventures', 'The Shawshank Redemption']
2025-04-06 21:23:30,060 - chatbot_debug - DEBUG - Generated response: {'message': 'Here are some recommendations that match your interests:\nHere are some shows you might enjoy: Fantasy, The Best of Rooster Teeth Animated Adventures, The Shawshank Redemption', 'requires_recommendation': True}
2025-04-06 21:23:30,070 - chatbot_debug - DEBUG - Saved bot response to database
2025-04-06 21:23:30,071 - chatbot_debug - DEBUG - Prepared JSON response with 3 recommendations
2025-04-06 21:23:30,804 - chatbot_debug - DEBUG - Received POST request to chat_message
2025-04-06 21:23:30,804 - chatbot_debug - DEBUG - Successfully parsed JSON data: {'message': 's13'}
2025-04-06 21:23:30,804 - chatbot_debug - DEBUG - Processing user message: 's13'
2025-04-06 21:23:30,818 - chatbot_debug - DEBUG - Saved user message to database
2025-04-06 21:23:30,818 - chatbot_debug - DEBUG - Extracted genres: []
2025-04-06 21:23:30,818 - chatbot_debug - DEBUG - Detected intents: []
2025-04-06 21:23:30,819 - chatbot_debug - DEBUG - Total shows in database: 165
2025-04-06 21:23:30,820 - chatbot_debug - DEBUG - Using default shows, found 3
2025-04-06 21:23:30,820 - chatbot_debug - DEBUG - Shows found: ['Fantasy', 'The Best of Rooster Teeth Animated Adventures', 'The Shawshank Redemption']
2025-04-06 21:23:30,820 - chatbot_debug - DEBUG - Generated response: {'message': "I think you'd really like these movies:\nHere are some shows you might enjoy: Fantasy, The Best of Rooster Teeth Animated Adventures, The Shawshank Redemption", 'requires_recommendation': True}
2025-04-06 21:23:30,831 - chatbot_debug - DEBUG - Saved bot response to database
2025-04-06 21:23:30,831 - chatbot_debug - DEBUG - Prepared JSON response with 3 recommendations
2025-04-06 21:23:31,462 - chatbot_debug - DEBUG - Received POST request to chat_message
2025-04-06 21:23:31,462 - chatbot_debug - DEBUG - Successfully parsed JSON data: {'message': '123'}
2025-04-06 21:23:31,462 - chatbot_debug - DEBUG - Processing user message: '123'
2025-04-06 21:23:31,474 - chatbot_debug - DEBUG - Saved user message to database
2025-04-06 21:23:31,474 - chatbot_debug - DEBUG - Extracted genres: []
2025-04-06 21:23:31,474 - chatbot_debug - DEBUG - Detected intents: []
2025-04-06 21:23:31,475 - chatbot_debug - DEBUG - Total shows in database: 165
2025-04-06 21:23:31,476 - chatbot_debug - DEBUG - Using default shows, found 3
2025-04-06 21:23:31,476 - chatbot_debug - DEBUG - Shows found: ['Fantasy', 'The Best of Rooster Teeth Animated Adventures', 'The Shawshank Redemption']
2025-04-06 21:23:31,476 - chatbot_debug - DEBUG - Generated response: {'message': 'Here are some recommendations that match your interests:\nHere are some shows you might enjoy: Fantasy, The Best of Rooster Teeth Animated Adventures, The Shawshank Redemption', 'requires_recommendation': True}
2025-04-06 21:23:31,486 - chatbot_debug - DEBUG - Saved bot response to database
2025-04-06 21:23:31,486 - chatbot_debug - DEBUG - Prepared JSON response with 3 recommendations
2025-04-06 21:23:32,175 - chatbot_debug - DEBUG - Received POST request to chat_message
2025-04-06 21:23:32,175 - chatbot_debug - DEBUG - Successfully parsed JSON data: {'message': '513523'}
2025-04-06 21:23:32,175 - chatbot_debug - DEBUG - Processing user message: '513523'
2025-04-06 21:23:32,188 - chatbot_debug - DEBUG - Saved user message to database
2025-04-06 21:23:32,188 - chatbot_debug - DEBUG - Extracted genres: []
2025-04-06 21:23:32,188 - chatbot_debug - DEBUG - Detected intents: []
2025-04-06 21:23:32,188 - chatbot_debug - DEBUG - Total shows in database: 165
2025-04-06 21:23:32,189 - chatbot_debug - DEBUG - Using default shows, found 3
2025-04-06 21:23:32,189 - chatbot_debug - DEBUG - Shows found: ['Fantasy', 'The Best of Rooster Teeth Animated Adventures', 'The Shawshank Redemption']
2025-04-06 21:23:32,189 - chatbot_debug - DEBUG - Generated response: {'message': 'Here are some recommendations that match your interests:\nHere are some shows you might enjoy: Fantasy, The Best of Rooster Teeth Animated Adventures, The Shawshank Redemption', 'requires_recommendation': True}
2025-04-06 21:23:32,200 - chatbot_debug - DEBUG - Saved bot response to database
2025-04-06 21:23:32,201 - chatbot_debug - DEBUG - Prepared JSON response with 3 recommendations
2025-04-06 21:23:32,423 - chatbot_debug - DEBUG - Received POST request to chat_message
2025-04-06 21:23:32,423 - chatbot_debug - DEBUG - Successfully parsed JSON data: {'message': '4'}
2025-04-06 21:23:32,424 - chatbot_debug - DEBUG - Processing user message: '4'
2025-04-06 21:23:32,436 - chatbot_debug - DEBUG - Saved user message to database
2025-04-06 21:23:32,437 - chatbot_debug - DEBUG - Extracted genres: []
2025-04-06 21:23:32,437 - chatbot_debug - DEBUG - Detected intents: []
2025-04-06 21:23:32,437 - chatbot_debug - DEBUG - Total shows in database: 165
2025-04-06 21:23:32,438 - chatbot_debug - DEBUG - Using default shows, found 3
2025-04-06 21:23:32,438 - chatbot_debug - DEBUG - Shows found: ['Fantasy', 'The Best of Rooster Teeth Animated Adventures', 'The Shawshank Redemption']
2025-04-06 21:23:32,439 - chatbot_debug - DEBUG - Generated response: {'message': 'Here are some recommendations that match your interests:\nHere are some shows you might enjoy: Fantasy, The Best of Rooster Teeth Animated Adventures, The Shawshank Redemption', 'requires_recommendation': True}
2025-04-06 21:23:32,449 - chatbot_debug - DEBUG - Saved bot response to database
2025-04-06 21:23:32,449 - chatbot_debug - DEBUG - Prepared JSON response with 3 recommendations
2025-04-06 21:23:32,599 - chatbot_debug - DEBUG - Received POST request to chat_message
2025-04-06 21:23:32,599 - chatbot_debug - DEBUG - Successfully parsed JSON data: {'message': '23'}
2025-04-06 21:23:32,599 - chatbot_debug - DEBUG - Processing user message: '23'
2025-04-06 21:23:32,612 - chatbot_debug - DEBUG - Saved user message to database
2025-04-06 21:23:32,612 - chatbot_debug - DEBUG - Extracted genres: []
2025-04-06 21:23:32,612 - chatbot_debug - DEBUG - Detected intents: []
2025-04-06 21:23:32,612 - chatbot_debug - DEBUG - Total shows in database: 165
2025-04-06 21:23:32,613 - chatbot_debug - DEBUG - Using default shows, found 3
2025-04-06 21:23:32,613 - chatbot_debug - DEBUG - Shows found: ['Fantasy', 'The Best of Rooster Teeth Animated Adventures', 'The Shawshank Redemption']
2025-04-06 21:23:32,613 - chatbot_debug - DEBUG - Generated response: {'message': 'Here are some recommendations that match your interests:\nHere are some shows you might enjoy: Fantasy, The Best of Rooster Teeth Animated Adventures, The Shawshank Redemption', 'requires_recommendation': True}
2025-04-06 21:23:32,624 - chatbot_debug - DEBUG - Saved bot response to database
2025-04-06 21:23:32,625 - chatbot_debug - DEBUG - Prepared JSON response with 3 recommendations
2025-04-06 21:23:32,783 - chatbot_debug - DEBUG - Received POST request to chat_message
2025-04-06 21:23:32,784 - chatbot_debug - DEBUG - Successfully parsed JSON data: {'message': '4'}
2025-04-06 21:23:32,784 - chatbot_debug - DEBUG - Processing user message: '4'
2025-04-06 21:23:32,796 - chatbot_debug - DEBUG - Saved user message to database
2025-04-06 21:23:32,796 - chatbot_debug - DEBUG - Extracted genres: []
2025-04-06 21:23:32,796 - chatbot_debug - DEBUG - Detected intents: []
2025-04-06 21:23:32,796 - chatbot_debug - DEBUG - Total shows in database: 165
2025-04-06 21:23:32,797 - chatbot_debug - DEBUG - Using default shows, found 3
2025-04-06 21:23:32,797 - chatbot_debug - DEBUG - Shows found: ['Fantasy', 'The Best of Rooster Teeth Animated Adventures', 'The Shawshank Redemption']
2025-04-06 21:23:32,797 - chatbot_debug - DEBUG - Generated response: {'message': "I think you'd really like these movies:\nHere are some shows you might enjoy: Fantasy, The Best of Rooster Teeth Animated Adventures, The Shawshank Redemption", 'requires_recommendation': True}
2025-04-06 21:23:32,808 - chatbot_debug - DEBUG - Saved bot response to database
2025-04-06 21:23:32,808 - chatbot_debug - DEBUG - Prepared JSON response with 3 recommendations
2025-04-06 21:23:33,013 - chatbot_debug - DEBUG - Received POST request to chat_message
2025-04-06 21:23:33,013 - chatbot_debug - DEBUG - Successfully parsed JSON data: {'message': '23'}
2025-04-06 21:23:33,013 - chatbot_debug - DEBUG - Processing user message: '23'
2025-04-06 21:23:33,025 - chatbot_debug - DEBUG - Saved user message to database
2025-04-06 21:23:33,025 - chatbot_debug - DEBUG - Extracted genres: []
2025-04-06 21:23:33,025 - chatbot_debug - DEBUG - Detected intents: []
2025-04-06 21:23:33,026 - chatbot_debug - DEBUG - Total shows in database: 165
2025-04-06 21:23:33,027 - chatbot_debug - DEBUG - Using default shows, found 3
2025-04-06 21:23:33,027 - chatbot_debug - DEBUG - Shows found: ['Fantasy', 'The Best of Rooster Teeth Animated Adventures', 'The Shawshank Redemption']
2025-04-06 21:23:33,027 - chatbot_debug - DEBUG - Generated response: {'message': "Based on what you've told me, here are some movies you might enjoy:\nHere are some shows you might enjoy: Fantasy, The Best of Rooster Teeth Animated Adventures, The Shawshank Redemption", 'requires_recommendation': True}
2025-04-06 21:23:33,037 - chatbot_debug - DEBUG - Saved bot response to database
2025-04-06 21:23:33,037 - chatbot_debug - DEBUG - Prepared JSON response with 3 recommendations
2025-04-06 21:23:33,161 - chatbot_debug - DEBUG - Received POST request to chat_message
2025-04-06 21:23:33,161 - chatbot_debug - DEBUG - Successfully parsed JSON data: {'message': '4'}
2025-04-06 21:23:33,161 - chatbot_debug - DEBUG - Processing user message: '4'
2025-04-06 21:23:33,174 - chatbot_debug - DEBUG - Saved user message to database
2025-04-06 21:23:33,174 - chatbot_debug - DEBUG - Extracted genres: []
2025-04-06 21:23:33,174 - chatbot_debug - DEBUG - Detected intents: []
2025-04-06 21:23:33,174 - chatbot_debug - DEBUG - Total shows in database: 165
2025-04-06 21:23:33,175 - chatbot_debug - DEBUG - Using default shows, found 3
2025-04-06 21:23:33,175 - chatbot_debug - DEBUG - Shows found: ['Fantasy', 'The Best of Rooster Teeth Animated Adventures', 'The Shawshank Redemption']
2025-04-06 21:23:33,175 - chatbot_debug - DEBUG - Generated response: {'message': "Based on what you've told me, here are some movies you might enjoy:\nHere are some shows you might enjoy: Fantasy, The Best of Rooster Teeth Animated Adventures, The Shawshank Redemption", 'requires_recommendation': True}
2025-04-06 21:23:33,186 - chatbot_debug - DEBUG - Saved bot response to database
2025-04-06 21:23:33,186 - chatbot_debug - DEBUG - Prepared JSON response with 3 recommendations
2025-04-06 21:23:33,392 - chatbot_debug - DEBUG - Received POST request to chat_message
2025-04-06 21:23:33,392 - chatbot_debug - DEBUG - Successfully parsed JSON data: {'message': '12'}
2025-04-06 21:23:33,392 - chatbot_debug - DEBUG - Processing user message: '12'
2025-04-06 21:23:33,405 - chatbot_debug - DEBUG - Saved user message to database
2025-04-06 21:23:33,405 - chatbot_debug - DEBUG - Extracted genres: []
2025-04-06 21:23:33,405 - chatbot_debug - DEBUG - Detected intents: []
2025-04-06 21:23:33,405 - chatbot_debug - DEBUG - Total shows in database: 165
2025-04-06 21:23:33,407 - chatbot_debug - DEBUG - Using default shows, found 3
2025-04-06 21:23:33,407 - chatbot_debug - DEBUG - Shows found: ['Fantasy', 'The Best of Rooster Teeth Animated Adventures', 'The Shawshank Redemption']
2025-04-06 21:23:33,407 - chatbot_debug - DEBUG - Generated response: {'message': "I think you'd really like these movies:\nHere are some shows you might enjoy: Fantasy, The Best of Rooster Teeth Animated Adventures, The Shawshank Redemption", 'requires_recommendation': True}
2025-04-06 21:23:33,417 - chatbot_debug - DEBUG - Saved bot response to database
2025-04-06 21:23:33,417 - chatbot_debug - DEBUG - Prepared JSON response with 3 recommendations
2025-04-06 21:23:33,570 - chatbot_debug - DEBUG - Received POST request to chat_message
2025-04-06 21:23:33,570 - chatbot_debug - DEBUG - Successfully parsed JSON data: {'message': '4'}
2025-04-06 21:23:33,570 - chatbot_debug - DEBUG - Processing user message: '4'
2025-04-06 21:23:33,582 - chatbot_debug - DEBUG - Saved user message to database
2025-04-06 21:23:33,582 - chatbot_debug - DEBUG - Extracted genres: []
2025-04-06 21:23:33,583 - chatbot_debug - DEBUG - Detected intents: []
2025-04-06 21:23:33,583 - chatbot_debug - DEBUG - Total shows in database: 165
2025-04-06 21:23:33,584 - chatbot_debug - DEBUG - Using default shows, found 3
2025-04-06 21:23:33,584 - chatbot_debug - DEBUG - Shows found: ['Fantasy', 'The Best of Rooster Teeth Animated Adventures', 'The Shawshank Redemption']
2025-04-06 21:23:33,584 - chatbot_debug - DEBUG - Generated response: {'message': "Based on what you've told me, here are some movies you might enjoy:\nHere are some shows you might enjoy: Fantasy, The Best of Rooster Teeth Animated Adventures, The Shawshank Redemption", 'requires_recommendation': True}
2025-04-06 21:23:33,594 - chatbot_debug - DEBUG - Saved bot response to database
2025-04-06 21:23:33,594 - chatbot_debug - DEBUG - Prepared JSON response with 3 recommendations
2025-04-06 21:23:33,770 - chatbot_debug - DEBUG - Received POST request to chat_message
2025-04-06 21:23:33,770 - chatbot_debug - DEBUG - Successfully parsed JSON data: {'message': '2'}
2025-04-06 21:23:33,770 - chatbot_debug - DEBUG - Processing user message: '2'
2025-04-06 21:23:33,784 - chatbot_debug - DEBUG - Saved user message to database
2025-04-06 21:23:33,784 - chatbot_debug - DEBUG - Extracted genres: []
2025-04-06 21:23:33,784 - chatbot_debug - DEBUG - Detected intents: []
2025-04-06 21:23:33,784 - chatbot_debug - DEBUG - Total shows in database: 165
2025-04-06 21:23:33,784 - chatbot_debug - DEBUG - Using default shows, found 3
2025-04-06 21:23:33,784 - chatbot_debug - DEBUG - Shows found: ['Fantasy', 'The Best of Rooster Teeth Animated Adventures', 'The Shawshank Redemption']
2025-04-06 21:23:33,784 - chatbot_debug - DEBUG - Generated response: {'message': 'Here are some recommendations that match your interests:\nHere are some shows you might enjoy: Fantasy, The Best of Rooster Teeth Animated Adventures, The Shawshank Redemption', 'requires_recommendation': True}
2025-04-06 21:23:33,795 - chatbot_debug - DEBUG - Saved bot response to database
2025-04-06 21:23:33,795 - chatbot_debug - DEBUG - Prepared JSON response with 3 recommendations
2025-04-06 21:23:33,980 - chatbot_debug - DEBUG - Received POST request to chat_message
2025-04-06 21:23:33,980 - chatbot_debug - DEBUG - Successfully parsed JSON data: {'message': '2'}
2025-04-06 21:23:33,980 - chatbot_debug - DEBUG - Processing user message: '2'
2025-04-06 21:23:33,994 - chatbot_debug - DEBUG - Saved user message to database
2025-04-06 21:23:33,994 - chatbot_debug - DEBUG - Extracted genres: []
2025-04-06 21:23:33,994 - chatbot_debug - DEBUG - Detected intents: []
2025-04-06 21:23:33,994 - chatbot_debug - DEBUG - Total shows in database: 165
2025-04-06 21:23:33,995 - chatbot_debug - DEBUG - Using default shows, found 3
2025-04-06 21:23:33,995 - chatbot_debug - DEBUG - Shows found: ['Fantasy', 'The Best of Rooster Teeth Animated Adventures', 'The Shawshank Redemption']
2025-04-06 21:23:33,995 - chatbot_debug - DEBUG - Generated response: {'message': "Check out these movies that fit what you're looking for:\nHere are some shows you might enjoy: Fantasy, The Best of Rooster Teeth Animated Adventures, The Shawshank Redemption", 'requires_recommendation': True}
2025-04-06 21:23:34,006 - chatbot_debug - DEBUG - Saved bot response to database
2025-04-06 21:23:34,006 - chatbot_debug - DEBUG - Prepared JSON response with 3 recommendations
2025-04-06 21:23:34,298 - chatbot_debug - DEBUG - Received POST request to chat_message
2025-04-06 21:23:34,299 - chatbot_debug - DEBUG - Successfully parsed JSON data: {'message': '2'}
2025-04-06 21:23:34,299 - chatbot_debug - DEBUG - Processing user message: '2'
2025-04-06 21:23:34,310 - chatbot_debug - DEBUG - Saved user message to database
2025-04-06 21:23:34,310 - chatbot_debug - DEBUG - Extracted genres: []
2025-04-06 21:23:34,310 - chatbot_debug - DEBUG - Detected intents: []
2025-04-06 21:23:34,312 - chatbot_debug - DEBUG - Total shows in database: 165
2025-04-06 21:23:34,313 - chatbot_debug - DEBUG - Using default shows, found 3
2025-04-06 21:23:34,313 - chatbot_debug - DEBUG - Shows found: ['Fantasy', 'The Best of Rooster Teeth Animated Adventures', 'The Shawshank Redemption']
2025-04-06 21:23:34,313 - chatbot_debug - DEBUG - Generated response: {'message': 'Here are some recommendations that match your interests:\nHere are some shows you might enjoy: Fantasy, The Best of Rooster Teeth Animated Adventures, The Shawshank Redemption', 'requires_recommendation': True}
2025-04-06 21:23:34,324 - chatbot_debug - DEBUG - Saved bot response to database
2025-04-06 21:23:34,324 - chatbot_debug - DEBUG - Prepared JSON response with 3 recommendations
2025-04-06 21:23:34,491 - chatbot_debug - DEBUG - Received POST request to chat_message
2025-04-06 21:23:34,491 - chatbot_debug - DEBUG - Successfully parsed JSON data: {'message': '2'}
2025-04-06 21:23:34,491 - chatbot_debug - DEBUG - Processing user message: '2'
2025-04-06 21:23:34,503 - chatbot_debug - DEBUG - Saved user message to database
2025-04-06 21:23:34,503 - chatbot_debug - DEBUG - Extracted genres: []
2025-04-06 21:23:34,503 - chatbot_debug - DEBUG - Detected intents: []
2025-04-06 21:23:34,504 - chatbot_debug - DEBUG - Total shows in database: 165
2025-04-06 21:23:34,504 - chatbot_debug - DEBUG - Using default shows, found 3
2025-04-06 21:23:34,504 - chatbot_debug - DEBUG - Shows found: ['Fantasy', 'The Best of Rooster Teeth Animated Adventures', 'The Shawshank Redemption']
2025-04-06 21:23:34,504 - chatbot_debug - DEBUG - Generated response: {'message': "Check out these movies that fit what you're looking for:\nHere are some shows you might enjoy: Fantasy, The Best of Rooster Teeth Animated Adventures, The Shawshank Redemption", 'requires_recommendation': True}
2025-04-06 21:23:34,516 - chatbot_debug - DEBUG - Saved bot response to database
2025-04-06 21:23:34,516 - chatbot_debug - DEBUG - Prepared JSON response with 3 recommendations
2025-04-06 21:23:34,666 - chatbot_debug - DEBUG - Received POST request to chat_message
2025-04-06 21:23:34,666 - chatbot_debug - DEBUG - Successfully parsed JSON data: {'message': '2'}
2025-04-06 21:23:34,666 - chatbot_debug - DEBUG - Processing user message: '2'
2025-04-06 21:23:34,680 - chatbot_debug - DEBUG - Saved user message to database
2025-04-06 21:23:34,680 - chatbot_debug - DEBUG - Extracted genres: []
2025-04-06 21:23:34,680 - chatbot_debug - DEBUG - Detected intents: []
2025-04-06 21:23:34,681 - chatbot_debug - DEBUG - Total shows in database: 165
2025-04-06 21:23:34,681 - chatbot_debug - DEBUG - Using default shows, found 3
2025-04-06 21:23:34,681 - chatbot_debug - DEBUG - Shows found: ['Fantasy', 'The Best of Rooster Teeth Animated Adventures', 'The Shawshank Redemption']
2025-04-06 21:23:34,681 - chatbot_debug - DEBUG - Generated response: {'message': "Based on what you've told me, here are some movies you might enjoy:\nHere are some shows you might enjoy: Fantasy, The Best of Rooster Teeth Animated Adventures, The Shawshank Redemption", 'requires_recommendation': True}
2025-04-06 21:23:34,692 - chatbot_debug - DEBUG - Saved bot response to database
2025-04-06 21:23:34,692 - chatbot_debug - DEBUG - Prepared JSON response with 3 recommendations
2025-04-06 21:23:34,868 - chatbot_debug - DEBUG - Received POST request to chat_message
2025-04-06 21:23:34,868 - chatbot_debug - DEBUG - Successfully parsed JSON data: {'message': '2'}
2025-04-06 21:23:34,868 - chatbot_debug - DEBUG - Processing user message: '2'
2025-04-06 21:23:34,880 - chatbot_debug - DEBUG - Saved user message to database
2025-04-06 21:23:34,880 - chatbot_debug - DEBUG - Extracted genres: []
2025-04-06 21:23:34,880 - chatbot_debug - DEBUG - Detected intents: []
2025-04-06 21:23:34,881 - chatbot_debug - DEBUG - Total shows in database: 165
2025-04-06 21:23:34,881 - chatbot_debug - DEBUG - Using default shows, found 3
2025-04-06 21:23:34,881 - chatbot_debug - DEBUG - Shows found: ['Fantasy', 'The Best of Rooster Teeth Animated Adventures', 'The Shawshank Redemption']
2025-04-06 21:23:34,881 - chatbot_debug - DEBUG - Generated response: {'message': 'Here are some recommendations that match your interests:\nHere are some shows you might enjoy: Fantasy, The Best of Rooster Teeth Animated Adventures, The Shawshank Redemption', 'requires_recommendation': True}
2025-04-06 21:23:34,893 - chatbot_debug - DEBUG - Saved bot response to database
2025-04-06 21:23:34,893 - chatbot_debug - DEBUG - Prepared JSON response with 3 recommendations
2025-04-06 21:23:35,245 - chatbot_debug - DEBUG - Received POST request to chat_message
2025-04-06 21:23:35,245 - chatbot_debug - DEBUG - Successfully parsed JSON data: {'message': '2'}
2025-04-06 21:23:35,245 - chatbot_debug - DEBUG - Processing user message: '2'
2025-04-06 21:23:35,259 - chatbot_debug - DEBUG - Saved user message to database
2025-04-06 21:23:35,259 - chatbot_debug - DEBUG - Extracted genres: []
2025-04-06 21:23:35,259 - chatbot_debug - DEBUG - Detected intents: []
2025-04-06 21:23:35,259 - chatbot_debug - DEBUG - Total shows in database: 165
2025-04-06 21:23:35,260 - chatbot_debug - DEBUG - Using default shows, found 3
2025-04-06 21:23:35,260 - chatbot_debug - DEBUG - Shows found: ['Fantasy', 'The Best of Rooster Teeth Animated Adventures', 'The Shawshank Redemption']
2025-04-06 21:23:35,260 - chatbot_debug - DEBUG - Generated response: {'message': "I think you'd really like these movies:\nHere are some shows you might enjoy: Fantasy, The Best of Rooster Teeth Animated Adventures, The Shawshank Redemption", 'requires_recommendation': True}
2025-04-06 21:23:35,271 - chatbot_debug - DEBUG - Saved bot response to database
2025-04-06 21:23:35,271 - chatbot_debug - DEBUG - Prepared JSON response with 3 recommendations
2025-04-06 21:23:35,405 - chatbot_debug - DEBUG - Received POST request to chat_message
2025-04-06 21:23:35,405 - chatbot_debug - DEBUG - Successfully parsed JSON data: {'message': '2'}
2025-04-06 21:23:35,405 - chatbot_debug - DEBUG - Processing user message: '2'
2025-04-06 21:23:35,417 - chatbot_debug - DEBUG - Saved user message to database
2025-04-06 21:23:35,417 - chatbot_debug - DEBUG - Extracted genres: []
2025-04-06 21:23:35,417 - chatbot_debug - DEBUG - Detected intents: []
2025-04-06 21:23:35,418 - chatbot_debug - DEBUG - Total shows in database: 165
2025-04-06 21:23:35,419 - chatbot_debug - DEBUG - Using default shows, found 3
2025-04-06 21:23:35,419 - chatbot_debug - DEBUG - Shows found: ['Fantasy', 'The Best of Rooster Teeth Animated Adventures', 'The Shawshank Redemption']
2025-04-06 21:23:35,419 - chatbot_debug - DEBUG - Generated response: {'message': 'Here are some recommendations that match your interests:\nHere are some shows you might enjoy: Fantasy, The Best of Rooster Teeth Animated Adventures, The Shawshank Redemption', 'requires_recommendation': True}
2025-04-06 21:23:35,430 - chatbot_debug - DEBUG - Saved bot response to database
2025-04-06 21:23:35,430 - chatbot_debug - DEBUG - Prepared JSON response with 3 recommendations
2025-04-06 21:23:35,600 - chatbot_debug - DEBUG - Received POST request to chat_message
2025-04-06 21:23:35,601 - chatbot_debug - DEBUG - Successfully parsed JSON data: {'message': '2'}
2025-04-06 21:23:35,601 - chatbot_debug - DEBUG - Processing user message: '2'
2025-04-06 21:23:35,613 - chatbot_debug - DEBUG - Saved user message to database
2025-04-06 21:23:35,613 - chatbot_debug - DEBUG - Extracted genres: []
2025-04-06 21:23:35,613 - chatbot_debug - DEBUG - Detected intents: []
2025-04-06 21:23:35,614 - chatbot_debug - DEBUG - Total shows in database: 165
2025-04-06 21:23:35,615 - chatbot_debug - DEBUG - Using default shows, found 3
2025-04-06 21:23:35,615 - chatbot_debug - DEBUG - Shows found: ['Fantasy', 'The Best of Rooster Teeth Animated Adventures', 'The Shawshank Redemption']
2025-04-06 21:23:35,615 - chatbot_debug - DEBUG - Generated response: {'message': "Based on what you've told me, here are some movies you might enjoy:\nHere are some shows you might enjoy: Fantasy, The Best of Rooster Teeth Animated Adventures, The Shawshank Redemption", 'requires_recommendation': True}
2025-04-06 21:23:35,626 - chatbot_debug - DEBUG - Saved bot response to database
2025-04-06 21:23:35,626 - chatbot_debug - DEBUG - Prepared JSON response with 3 recommendations
2025-04-06 21:23:35,784 - chatbot_debug - DEBUG - Received POST request to chat_message
2025-04-06 21:23:35,786 - chatbot_debug - DEBUG - Successfully parsed JSON data: {'message': '2'}
2025-04-06 21:23:35,786 - chatbot_debug - DEBUG - Processing user message: '2'
2025-04-06 21:23:35,798 - chatbot_debug - DEBUG - Saved user message to database
2025-04-06 21:23:35,798 - chatbot_debug - DEBUG - Extracted genres: []
2025-04-06 21:23:35,798 - chatbot_debug - DEBUG - Detected intents: []
2025-04-06 21:23:35,798 - chatbot_debug - DEBUG - Total shows in database: 165
2025-04-06 21:23:35,800 - chatbot_debug - DEBUG - Using default shows, found 3
2025-04-06 21:23:35,800 - chatbot_debug - DEBUG - Shows found: ['Fantasy', 'The Best of Rooster Teeth Animated Adventures', 'The Shawshank Redemption']
2025-04-06 21:23:35,800 - chatbot_debug - DEBUG - Generated response: {'message': "I think you'd really like these movies:\nHere are some shows you might enjoy: Fantasy, The Best of Rooster Teeth Animated Adventures, The Shawshank Redemption", 'requires_recommendation': True}
2025-04-06 21:23:35,811 - chatbot_debug - DEBUG - Saved bot response to database
2025-04-06 21:23:35,812 - chatbot_debug - DEBUG - Prepared JSON response with 3 recommendations
2025-04-23 00:53:25,952 - django.request - WARNING - Not Found: /favicon.ico
2025-04-23 01:08:22,479 - chatbot_debug - DEBUG - Received POST request to chat_message
2025-04-23 01:08:22,479 - chatbot_debug - DEBUG - Successfully parsed JSON data: {'message': 'action'}
2025-04-23 01:08:22,479 - chatbot_debug - DEBUG - Processing user message: 'action'
2025-04-23 01:08:22,493 - chatbot_debug - DEBUG - Saved user message to database
2025-04-23 01:08:22,494 - chatbot_debug - DEBUG - Extracted genres: ['action']
2025-04-23 01:08:22,494 - chatbot_debug - DEBUG - Detected intents: ['genre']
2025-04-23 01:08:22,495 - chatbot_debug - DEBUG - Total shows in database: 165
2025-04-23 01:08:22,497 - chatbot_debug - DEBUG - Shows found: ['Counterattack', 'The Codes of War', 'El Infierno']
2025-04-23 01:08:22,497 - chatbot_debug - DEBUG - Generated response: {'message': "Check out these movies that fit what you're looking for:\nI found these action shows for you: Counterattack, The Codes of War, El Infierno", 'requires_recommendation': True}
2025-04-23 01:08:22,509 - chatbot_debug - DEBUG - Saved bot response to database
2025-04-23 01:08:22,510 - chatbot_debug - DEBUG - Prepared JSON response with 3 recommendations
2025-05-01 00:44:10,687 - django.request - WARNING - Not Found: /favicon.ico
2025-05-01 00:45:13,186 - chatbot_debug - DEBUG - Received POST request to chat_message
2025-05-01 00:45:13,186 - chatbot_debug - DEBUG - Successfully parsed JSON data: {'message': 'I like action movies with lots of stunts'}
2025-05-01 00:45:13,186 - chatbot_debug - DEBUG - Processing user message: 'I like action movies with lots of stunts'
2025-05-01 00:45:13,198 - chatbot_debug - DEBUG - Saved user message to database
2025-05-01 00:45:13,200 - chatbot_debug - DEBUG - Extracted genres: ['action']
2025-05-01 00:45:13,200 - chatbot_debug - DEBUG - Detected intents: ['genre', 'preference', 'actor']
2025-05-01 00:45:13,201 - chatbot_debug - DEBUG - Total shows in database: 165
2025-05-01 00:45:13,203 - chatbot_debug - DEBUG - Shows found: ['Counterattack', 'The Codes of War', 'El Infierno']
2025-05-01 00:45:13,203 - chatbot_debug - DEBUG - Generated response: {'message': "Based on what you've told me, here are some movies you might enjoy:\nI found these action shows for you: Counterattack, The Codes of War, El Infierno", 'requires_recommendation': True}
2025-05-01 00:45:13,214 - chatbot_debug - DEBUG - Saved bot response to database
2025-05-01 00:45:13,214 - chatbot_debug - DEBUG - Prepared JSON response with 3 recommendations
2025-05-01 17:27:48,735 - django.request - WARNING - Not Found: /favicon.ico
2025-05-01 18:56:39,486 - chatbot_debug - DEBUG - Received POST request to chat_message
2025-05-01 18:56:39,487 - chatbot_debug - DEBUG - Successfully parsed JSON data: {'message': "I'm looking for a good comedy"}
2025-05-01 18:56:39,487 - chatbot_debug - DEBUG - Processing user message: 'I'm looking for a good comedy'
2025-05-01 18:56:39,501 - chatbot_debug - DEBUG - Saved user message to database
2025-05-01 18:56:39,503 - chatbot_debug - DEBUG - Extracted genres: ['comedy']
2025-05-01 18:56:39,503 - chatbot_debug - DEBUG - Detected intents: ['recommendation', 'genre', 'rating']
2025-05-01 18:56:39,504 - chatbot_debug - DEBUG - Total shows in database: 165
2025-05-01 18:56:39,507 - chatbot_debug - DEBUG - Shows found: ['The Best of Rooster Teeth Animated Adventures', 'Chuck Billy and The Marvelous Guava Tree', 'Memoir of a Snail']
2025-05-01 18:56:39,507 - chatbot_debug - DEBUG - Generated response: {'message': 'Here are some recommendations that match your interests:\nI found these comedy shows for you: The Best of Rooster Teeth Animated Adventures, Chuck Billy and The Marvelous Guava Tree, Memoir of a Snail', 'requires_recommendation': True}
2025-05-01 18:56:39,518 - chatbot_debug - DEBUG - Saved bot response to database
2025-05-01 18:56:39,518 - chatbot_debug - DEBUG - Prepared JSON response with 3 recommendations
2025-05-01 18:56:47,170 - chatbot_debug - DEBUG - Received POST request to chat_message
2025-05-01 18:56:47,170 - chatbot_debug - DEBUG - Successfully parsed JSON data: {'message': 'Show me some romantic comedies'}
2025-05-01 18:56:47,170 - chatbot_debug - DEBUG - Processing user message: 'Show me some romantic comedies'
2025-05-01 18:56:47,181 - chatbot_debug - DEBUG - Saved user message to database
2025-05-01 18:56:47,182 - chatbot_debug - DEBUG - Extracted genres: []
2025-05-01 18:56:47,182 - chatbot_debug - DEBUG - Detected intents: ['recommendation']
2025-05-01 18:56:47,183 - chatbot_debug - DEBUG - Total shows in database: 165
2025-05-01 18:56:47,183 - chatbot_debug - DEBUG - Using default shows, found 3
2025-05-01 18:56:47,184 - chatbot_debug - DEBUG - Shows found: ['Fantasy', 'The Best of Rooster Teeth Animated Adventures', 'The Shawshank Redemption']
2025-05-01 18:56:47,184 - chatbot_debug - DEBUG - Generated response: {'message': "Based on what you've told me, here are some movies you might enjoy:\nHere are some shows you might enjoy: Fantasy, The Best of Rooster Teeth Animated Adventures, The Shawshank Redemption", 'requires_recommendation': True}
2025-05-01 18:56:47,194 - chatbot_debug - DEBUG - Saved bot response to database
2025-05-01 18:56:47,194 - chatbot_debug - DEBUG - Prepared JSON response with 3 recommendations
2025-05-01 18:56:52,266 - chatbot_debug - DEBUG - Received POST request to chat_message
2025-05-01 18:56:52,267 - chatbot_debug - DEBUG - Successfully parsed JSON data: {'message': 'What are the top rated movies?'}
2025-05-01 18:56:52,267 - chatbot_debug - DEBUG - Processing user message: 'What are the top rated movies?'
2025-05-01 18:56:52,281 - chatbot_debug - DEBUG - Saved user message to database
2025-05-01 18:56:52,281 - chatbot_debug - DEBUG - Extracted genres: []
2025-05-01 18:56:52,281 - chatbot_debug - DEBUG - Detected intents: ['recommendation', 'rating', 'question', 'asking_recommendation']
2025-05-01 18:56:52,281 - chatbot_debug - DEBUG - Total shows in database: 165
2025-05-01 18:56:52,282 - chatbot_debug - DEBUG - Using default shows, found 3
2025-05-01 18:56:52,282 - chatbot_debug - DEBUG - Shows found: ['Fantasy', 'The Best of Rooster Teeth Animated Adventures', 'The Shawshank Redemption']
2025-05-01 18:56:52,282 - chatbot_debug - DEBUG - Generated response: {'message': "Based on what you've told me, here are some movies you might enjoy:\nHere are some shows you might enjoy: Fantasy, The Best of Rooster Teeth Animated Adventures, The Shawshank Redemption", 'requires_recommendation': True}
2025-05-01 18:56:52,294 - chatbot_debug - DEBUG - Saved bot response to database
2025-05-01 18:56:52,294 - chatbot_debug - DEBUG - Prepared JSON response with 3 recommendations
2025-05-01 18:56:55,090 - chatbot_debug - DEBUG - Received POST request to chat_message
2025-05-01 18:56:55,091 - chatbot_debug - DEBUG - Successfully parsed JSON data: {'message': 'I like action movies with lots of stunts'}
2025-05-01 18:56:55,091 - chatbot_debug - DEBUG - Processing user message: 'I like action movies with lots of stunts'
2025-05-01 18:56:55,103 - chatbot_debug - DEBUG - Saved user message to database
2025-05-01 18:56:55,103 - chatbot_debug - DEBUG - Extracted genres: ['action']
2025-05-01 18:56:55,103 - chatbot_debug - DEBUG - Detected intents: ['genre', 'preference', 'actor']
2025-05-01 18:56:55,104 - chatbot_debug - DEBUG - Total shows in database: 165
2025-05-01 18:56:55,105 - chatbot_debug - DEBUG - Shows found: ['Counterattack', 'The Codes of War', 'El Infierno']
2025-05-01 18:56:55,105 - chatbot_debug - DEBUG - Generated response: {'message': "Check out these movies that fit what you're looking for:\nI found these action shows for you: Counterattack, The Codes of War, El Infierno", 'requires_recommendation': True}
2025-05-01 18:56:55,116 - chatbot_debug - DEBUG - Saved bot response to database
2025-05-01 18:56:55,116 - chatbot_debug - DEBUG - Prepared JSON response with 3 recommendations
